X,Y
1,4.238606667
2,4.271036667
3,4.260006667
4,4.237546667
5,4.258993333
6,4.27616
7,4.279623333
8,4.27355
9,4.272486667
10,4.268056667
11,4.235266667
12,4.26633
13,4.244453333
14,4.270103333
15,4.278476667
16,4.255083333
17,4.260403333
18,4.261353333
19,4.28478
20,4.259936667
21,4.272716667
22,4.283713333
23,4.28514
24,4.282976667
25,4.257213333
26,4.255826667
27,4.255613333
28,4.270956667
29,4.280593333
30,4.2767
31,4.263413333
32,4.292946667
33,4.277603333
34,4.26415
35,4.285723333
36,4.26346
37,4.28382
38,4.276613333
39,4.2716
40,4.28971
41,4.26345
42,4.254803333
43,4.256583333
44,4.284266667
45,4.269
46,4.262273333
47,4.285143333
48,4.252053333
49,4.27238
50,4.252516667
51,4.258783333
52,4.27494
53,4.280866667
54,4.286146667
55,4.27538
56,4.280466667
57,4.28246
58,4.25589
59,4.271656667
60,4.273166667
61,4.260633333
62,4.282273333
63,4.24118
64,4.265476667
65,4.27669
66,4.262856667
67,4.258246667
68,4.26331
69,4.229356667
70,4.28228
71,4.26297
72,4.288866667
73,4.260023333
74,4.26416
75,4.252923333
76,4.259983333
77,4.260333333
78,4.26008
79,4.248226667
80,4.26775
81,4.262123333
82,4.26613
83,4.253033333
84,4.286613333
85,4.238356667
86,4.274233333
87,4.279463333
88,4.274826667
89,4.270486667
90,4.257443333
91,4.248246667
92,4.25136
93,4.249863333
94,4.249076667
95,4.255286667
96,4.26101
97,4.25701
98,4.254483333
99,4.24776
100,4.27316
101,4.249176667
102,4.261573333
103,4.253396667
104,4.250903333
105,4.273213333
106,4.247873333
107,4.23614
108,4.256966667
109,4.27472
110,4.234996667
111,4.268656667
112,4.266213333
113,4.258383333
114,4.25479
115,4.255773333
116,4.254363333
117,4.25077
118,4.255993333
119,4.26049
120,4.247953333
121,4.25991
122,4.25781
123,4.24966
124,4.24583
125,4.249783333
126,4.257526667
127,4.263273333
128,4.272046667
129,4.268556667
130,4.243496667
131,4.264043333
132,4.27236
133,4.246853333
134,4.26597
135,4.269713333
136,4.258053333
137,4.27333
138,4.268796667
139,4.258833333
140,4.2678
141,4.244753333
142,4.266536667
143,4.259666667
144,4.23412
145,4.269993333
146,4.25504
147,4.24443
148,4.27717
149,4.252316667
150,4.251223333
151,4.24076
152,4.255303333
153,4.266103333
154,4.263216667
155,4.238383333
156,4.240006667
157,4.26114
158,4.251336667
159,4.245086667
160,4.266266667
161,4.26772
162,4.262273333
163,4.27043
164,4.265356667
165,4.264623333
166,4.250773333
167,4.257396667
168,4.244036667
169,4.267533333
170,4.26656
171,4.232143333
172,4.260793333
173,4.254193333
174,4.269333333
175,4.27164
176,4.261846667
177,4.246276667
178,4.275026667
179,4.256726667
180,4.254813333
181,4.250203333
182,4.27792
183,4.25885
184,4.264663333
185,4.260696667
186,4.267656667
187,4.244526667
188,4.233056667
189,4.279573333
190,4.27012
191,4.275973333
192,4.261363333
193,4.261316667
194,4.27573
195,4.25914
196,4.2541
197,4.261316667
198,4.25198
199,4.284076667
200,4.26468
201,4.267706667
202,4.259363333
203,4.281603333
204,4.26504
205,4.28904
206,4.28233
207,4.284693333
208,4.259633333
209,4.27619
210,4.281356667
211,4.276566667
212,4.287603333
213,4.295416667
214,4.275953333
215,4.323203333
216,4.30151
217,4.279103333
218,4.285156667
219,4.27297
220,4.290516667
221,0.62708
222,0.56017
223,0.54338
224,0.677483333
225,0.644953333
226,0.541566667
227,0.55555
228,0.560706667
229,0.612456667
230,0.545546667
231,0.588993333
232,0.550116667
233,0.56423
234,0.624833333
235,0.596693333
236,0.586796667
237,0.535916667
238,0.481853333
239,0.548843333
240,0.621226667
241,0.6168
242,0.569853333
243,0.543726667
244,0.586946667
245,0.542306667
246,0.58119
247,0.55072
248,0.662223333
249,0.491116667
250,0.604586667
251,0.505893333
252,0.604573333
253,0.572923333
254,0.539323333
255,0.5509
256,0.50977
257,0.59146
258,0.566743333
259,0.608
260,0.54254
261,0.576063333
262,0.513023333
263,0.592726667
264,0.47934
265,0.50446
266,0.51525
267,0.587973333
268,0.517433333
269,0.594313333
270,0.568513333
271,0.555906667
272,0.52254
273,0.587946667
274,0.53898
275,0.555043333
276,0.587133333
277,0.504913333
278,0.60513
279,0.567616667
280,0.627403333
281,0.611996667
282,0.634493333
283,0.514463333
284,0.577063333
285,0.609286667
286,0.507613333
287,0.51361
288,0.56674
289,0.62686
290,0.58081
291,0.534896667
292,0.580076667
293,0.588446667
294,3.224513333
295,5.47395
296,4.814523333
297,5.06805
298,5.277066667
299,5.05947
300,5.04414
301,5.261713333
302,5.132256667
303,5.13329
304,5.52104
305,5.5088
306,5.76142
307,5.68278
308,5.53874
309,5.643536667
310,5.528326667
311,5.170866667
312,4.767193333
313,5.21639
314,5.405546667
315,5.340463333
316,5.296796667
317,5.170246667
318,4.845586667
319,4.58014
320,4.236426667
321,3.762716667
322,4.415693333
323,5.199616667
324,5.25027
325,5.062113333
326,5.030543333
327,4.920573333
328,4.845153333
329,4.999206667
330,4.910113333
331,4.900736667
332,4.81223
333,4.687943333
334,4.72552
335,4.721066667
336,4.762423333
337,4.647793333
338,4.59887
339,4.59608
340,4.586536667
341,4.65901
342,4.63021
343,4.622416667
344,4.579546667
345,4.567196667
346,4.470596667
347,4.446126667
348,4.39812
349,4.545746667
350,4.585003333
351,4.51166
352,4.3874
353,4.301286667
354,4.28629
355,4.420416667
356,4.45881
357,4.24288
358,4.057606667
359,3.942036667
360,3.98696
361,4.29372
362,4.251126667
363,4.289886667
364,4.19724
365,4.280663333
366,4.192283333
367,4.169093333
368,4.177023333
369,4.216543333
370,4.10356
371,4.207383333
372,4.077513333
373,4.13186
374,4.155093333
375,4.125913333
376,4.013456667
377,4.072706667
378,4.096966667
379,4.0147
380,4.063196667
381,4.132083333
382,4.001963333
383,3.892106667
384,4.101206667
385,4.048323333
386,3.99842
387,4.025636667
388,4.044806667
389,3.976686667
390,3.99325
391,3.82111
392,3.811676667
393,3.67654
394,3.828136667
395,4.043246667
396,3.873396667
397,3.884496667
398,3.79413
399,3.902626667
400,3.892283333
401,3.87743
402,4.025783333
403,4.010826667
404,3.888706667
405,3.788453333
406,3.77099
407,3.714953333
408,3.70488
409,3.854236667
410,3.78084
411,3.80634
412,3.57618
413,3.50195
414,3.57084
415,3.68138
416,3.661486667
417,3.780053333
418,3.70158
419,3.579013333
420,3.685023333
421,3.694686667
422,3.768746667
423,3.6983
424,3.76498
425,3.671956667
426,3.757026667
427,3.688633333
428,3.63195
429,3.587193333
430,3.637863333
431,3.812796667
432,3.6165
433,3.570083333
434,3.589313333
435,3.594676667
436,3.626566667
437,3.658436667
438,3.62472
439,3.60299
440,3.68751
441,3.509366667
442,3.52004
443,3.50342
444,3.680293333
445,3.40305
446,3.587846667
447,3.44241
448,3.547886667
449,3.50203
450,3.477953333
451,3.572626667
452,3.446113333
453,3.476833333
454,3.49876
455,3.651066667
456,3.5434
457,3.440443333
458,3.466466667
459,3.499733333
460,3.623956667
461,3.550063333
462,3.621176667
463,3.375023333
464,3.456393333
465,3.437643333
466,3.376006667
467,3.393543333
468,3.492053333
469,3.471673333
470,3.44998
471,3.324246667
472,3.47542
473,3.56648
474,3.430116667
475,3.3485
476,3.35964
477,3.445756667
478,3.300823333
479,3.44357
480,3.42657
481,3.33317
482,3.366593333
483,3.492816667
484,3.43261
485,3.35316
486,3.356816667
487,3.41645
488,3.324983333
489,3.282543333
490,3.431873333
491,3.34582
492,3.340946667
493,3.42805
494,3.320066667
495,3.352856667
496,3.450496667
497,3.49687
498,3.500696667
499,3.48057
500,3.384596667
501,3.376863333
502,3.413733333
503,3.296666667
504,3.387356667
505,3.360806667
506,3.365486667
507,3.26492
508,3.291583333
509,3.290243333
510,3.362793333
511,3.388436667
512,3.34347
513,3.332863333
514,3.289346667
515,3.28256
516,3.175793333
517,3.21656
518,3.277263333
519,3.288263333
520,3.284603333
521,3.356
522,3.280883333
523,3.191063333
524,3.28928
525,3.312693333
526,3.201096667
527,3.297326667
528,3.206976667
529,3.30352
530,3.20329
531,3.173503333
532,3.135416667
533,3.28329
534,3.33571
535,3.17102
536,3.257856667
537,3.288123333
538,3.225056667
539,3.147236667
540,3.231843333
541,3.189896667
542,3.257
543,3.114686667
544,3.228676667
545,3.16076
546,3.25431
547,3.18544
548,3.14441
549,3.252526667
550,3.171726667
551,3.139173333
552,3.19374
553,3.065453333
554,3.177333333
555,3.048086667
556,2.984673333
557,2.83836
558,2.93849
559,2.894663333
560,2.943196667
561,2.969703333
562,2.980273333
563,3.07942
564,2.970153333
565,2.9239
566,3.131726667
567,3.047286667
568,3.21567
569,3.078216667
570,3.070686667
571,3.206026667
572,3.065026667
573,3.080936667
574,3.07964
575,3.181593333
576,3.069213333
577,3.132576667
578,3.150533333
579,3.232166667
580,3.14337
581,3.103616667
582,3.084783333
583,3.16695
584,3.110926667
585,3.100226667
586,3.155096667
587,3.02352
588,3.110563333
589,3.16449
590,3.03875
591,3.16844
592,3.206876667
593,3.024573333
594,3.044753333
595,3.031096667
596,3.184193333
597,3.081036667
598,3.001416667
599,3.14407
600,3.16273
601,3.087953333
602,3.054406667
603,3.076256667
604,3.0869
605,3.00315
606,2.87259
607,3.070703333
608,3.07471
609,3.19776
610,3.132156667
611,3.087253333
612,3.1116
613,3.10012
614,3.133353333
615,3.013206667
616,2.947853333
617,2.96002
618,3.00321
619,3.02074
620,2.970793333
621,2.9747
622,3.055696667
623,2.938056667
624,3.115843333
625,2.956006667
626,3.035436667
627,3.030483333
628,3.013443333
629,3.020263333
630,2.949776667
631,3.067986667
632,3.0337
633,3.028683333
634,3.04683
635,3.028303333
636,3.138716667
637,3.140876667
638,3.104056667
639,3.079023333
640,3.019733333
641,2.987336667
642,3.10441
643,2.954186667
644,3.077303333
645,2.922986667
646,2.958693333
647,2.961266667
648,2.935316667
649,3.065793333
650,3.00418
651,3.055606667
652,2.931226667
653,3.017596667
654,2.95826
655,2.99584
656,2.952063333
657,2.901156667
658,2.90757
659,3.042856667
660,3.001653333
661,3.012206667
662,3.004173333
663,2.871796667
664,3.053586667
665,2.951436667
666,2.886733333
667,3.00359
668,2.977106667
669,2.95168
670,3.03702
671,3.00694
672,2.95734
673,2.9428
674,2.961146667
675,2.946046667
676,2.962396667
677,2.97974
678,2.98302
679,2.887503333
680,2.89853
681,2.9842
682,2.954513333
683,2.871453333
684,3.027656667
685,2.997573333
686,2.912993333
687,2.973046667
688,2.96514
689,3.000236667
690,2.9304
691,2.94894
692,2.954253333
693,2.912516667
694,2.874613333
695,2.879163333
696,2.95195
697,2.883286667
698,2.94622
699,2.88108
700,3.009396667
701,2.951933333
702,3.039333333
703,2.88073
704,2.935836667
705,2.914233333
706,2.940296667
707,2.914896667
708,2.89903
709,3.04654
710,3.076316667
711,2.94285
712,2.876536667
713,2.948706667
714,2.95561
715,2.922946667
716,2.916163333
717,2.830753333
718,2.867843333
719,2.973133333
720,2.882666667
721,2.933306667
722,2.862146667
723,2.87226
724,2.89092
725,2.939573333
726,2.869893333
727,2.983203333
728,2.963006667
729,2.85892
730,2.859686667
731,2.87776
732,2.868223333
733,2.86009
734,2.949576667
735,2.884466667
736,2.788323333
737,2.92168
738,2.771133333
739,2.930103333
740,2.80365
741,2.908643333
742,2.871843333
743,2.865636667
744,2.9413
745,2.917863333
746,2.882436667
747,2.88884
748,2.897633333
749,2.88108
750,2.91103
751,2.959843333
752,2.91393
753,2.910843333
754,2.821156667
755,2.835106667
756,2.855933333
757,2.825043333
758,2.813683333
759,2.817053333
760,2.760363333
761,2.843793333
762,2.75343
763,2.76201
764,2.78476
765,2.739526667
766,2.912836667
767,2.8717
768,2.760083333
769,2.669426667
770,2.916553333
771,2.82432
772,2.744576667
773,2.850146667
774,2.729233333
775,2.76675
776,2.895163333
777,2.739796667
778,2.853483333
779,2.876683333
780,2.795303333
781,2.831616667
782,2.796623333
783,2.830236667
784,2.7919
785,2.80595
786,2.731206667
787,2.87344
788,2.813333333
789,2.832896667
790,2.7374
791,2.76404
792,2.72838
793,2.76143
794,2.857413333
795,2.66447
796,2.84929
797,2.795653333
798,2.810353333
799,2.717196667
800,2.765546667
801,2.772416667
802,2.71633
803,2.85968
804,2.703343333
805,2.94357
806,2.89331
807,2.742296667
808,2.695886667
809,2.71569
810,2.67011
811,2.740853333
812,2.768836667
813,2.78336
814,2.801863333
815,2.785126667
816,2.67557
817,2.702843333
818,2.77629
819,2.800686667
820,2.64376
821,2.704366667
822,2.6215
823,2.71428
824,2.78831
825,2.697533333
826,2.75287
827,2.84652
828,2.66521
829,2.706036667
830,2.739766667
831,2.83316
832,2.780523333
833,2.817593333
834,2.796856667
835,2.832253333
836,2.666756667
837,2.692276667
838,2.68168
839,2.83777
840,2.761906667
841,2.654336667
842,2.827576667
843,2.750956667
844,2.70979
845,2.72829
846,2.733203333
847,2.70276
848,2.76644
849,2.767593333
850,2.758756667
851,2.726236667
852,2.69158
853,2.668376667
854,2.689203333
855,2.712493333
856,2.794703333
857,2.71092
858,2.742436667
859,2.794266667
860,2.825633333
861,2.746266667
862,2.847206667
863,2.723766667
864,2.807943333
865,2.740506667
866,2.661306667
867,2.782583333
868,2.695226667
869,2.63407
870,2.658383333
871,2.704043333
872,2.73263
873,2.744423333
874,2.596773333
875,2.64795
876,2.75605
877,2.667106667
878,2.65328
879,2.688603333
880,2.73599
881,2.717256667
882,2.806896667
883,2.722343333
884,2.674356667
885,2.719236667
886,2.66699
887,2.612386667
888,2.656183333
889,2.701976667
890,2.78755
891,2.86102
892,2.764833333
893,2.761606667
894,2.563856667
895,2.631166667
896,2.788886667
897,2.721123333
898,2.63283
899,2.755446667
900,2.729723333
901,2.637463333
902,2.774753333
903,2.7597
904,2.726376667
905,2.56435
906,2.64257
907,2.691313333
908,2.668963333
909,2.692603333
910,2.637316667
911,2.69171
912,2.737223333
913,2.66537
914,2.731316667
915,2.682556667
916,2.761533333
917,2.66965
918,2.66311
919,2.681906667
920,2.636906667
921,2.71286
922,2.74942
923,2.620503333
924,2.545453333
925,2.662293333
926,2.57918
927,2.601246667
928,2.654853333
929,2.65541
930,2.61795
931,2.59619
932,2.650996667
933,2.58709
934,2.583563333
935,2.727436667
936,2.63751
937,2.611016667
938,2.62499
939,2.747306667
940,2.621383333
941,2.655003333
942,2.638786667
943,2.67134
944,2.569566667
945,2.669923333
946,2.716793333
947,2.64466
948,2.54828
949,2.57758
950,2.665576667
951,2.66202
952,2.68473
953,2.497553333
954,2.68949
955,2.65613
956,2.696873333
957,2.763543333
958,2.72609
959,2.633386667
960,2.635156667
961,2.72826
962,2.69232
963,2.642886667
964,2.611016667
965,2.61364
966,2.561586667
967,2.690343333
968,2.58378
969,2.658053333
970,2.559353333
971,2.541136667
972,2.587466667
973,2.508263333
974,2.610686667
975,2.636966667
976,2.61658
977,2.631013333
978,2.582993333
979,2.54812
980,2.60413
981,2.602186667
982,2.59479
983,2.61544
984,2.59358
985,2.61034
986,2.61964
987,2.63212
988,2.736796667
989,2.596206667
990,2.56527
991,2.547786667
992,2.652123333
993,2.544333333
994,2.578466667
995,2.63544
996,2.531846667
997,2.632083333
998,2.705046667
999,2.635566667
1000,2.62887
1001,2.74012
1002,2.595853333
1003,2.516463333
1004,2.57362
1005,2.545923333
1006,2.721283333
1007,2.61106
1008,2.595206667
1009,2.52182
1010,2.6108
1011,2.492466667
1012,2.510566667
1013,2.601853333
1014,2.680933333
1015,2.56282
1016,2.53183
1017,2.49649
1018,2.517996667
1019,2.66541
1020,2.556513333
1021,2.547006667
1022,2.683533333
1023,2.608373333
1024,2.64853
1025,2.717976667
1026,2.64168
1027,2.515986667
1028,2.627916667
1029,2.596486667
1030,2.58663
1031,2.54301
1032,2.56471
1033,2.570733333
1034,2.52069
1035,2.563053333
1036,2.603736667
1037,2.55962
1038,2.49683
1039,2.585846667
1040,2.495426667
1041,2.551036667
1042,2.603403333
1043,2.477156667
1044,2.543076667
1045,2.649843333
1046,2.51872
1047,2.62216
1048,2.560546667
1049,2.438193333
1050,2.473236667
1051,2.53157
1052,2.56315
1053,2.48168
1054,2.60074
1055,2.49739
1056,2.46969
1057,2.56867
1058,2.605563333
1059,2.55291
1060,2.578553333
1061,2.519343333
1062,2.487546667
1063,2.587263333
1064,2.5819
1065,2.450723333
1066,2.51689
1067,2.410706667
1068,2.47917
1069,2.560003333
1070,2.60279
1071,2.464933333
1072,2.56398
1073,2.578403333
1074,2.594406667
1075,2.50903
1076,2.455033333
1077,2.41504
1078,2.63062
1079,2.571133333
1080,2.56026
1081,2.48563
1082,2.538726667
1083,2.576003333
1084,2.50144
1085,2.59571
1086,2.49094
1087,2.594506667
1088,2.50385
1089,2.48697
1090,2.54644
1091,2.642726667
1092,2.548816667
1093,2.616886667
1094,2.57457
1095,2.546413333
1096,2.53293
1097,2.539486667
1098,2.523456667
1099,2.495383333
1100,2.59327
1101,2.585703333
1102,2.558906667
1103,2.559146667
1104,2.53024
1105,2.47213
1106,2.52439
1107,2.4661
1108,2.4612
1109,2.565236667
1110,2.568033333
1111,2.545486667
1112,2.598276667
1113,2.53723
1114,2.61235
1115,2.398093333
1116,2.557863333
1117,2.484233333
1118,2.609913333
1119,2.524423333
1120,2.377073333
1121,2.548186667
1122,2.49731
1123,2.451053333
1124,2.522126667
1125,2.524193333
1126,2.52785
1127,2.55461
1128,2.56406
1129,2.449553333
1130,2.498136667
1131,2.45634
1132,2.55473
1133,2.520166667
1134,2.513996667
1135,2.516326667
1136,2.507163333
1137,2.591713333
1138,2.602786667
1139,2.447226667
1140,2.43277
1141,2.45022
1142,2.343156667
1143,2.37474
1144,2.46041
1145,2.60765
1146,2.52192
1147,2.5739
1148,2.418736667
1149,2.530406667
1150,2.456096667
1151,2.458033333
1152,2.542473333
1153,2.46191
1154,2.428006667
1155,2.562756667
1156,2.49797
1157,2.46417
1158,2.445426667
1159,2.463733333
1160,2.432916667
1161,2.546236667
1162,2.41383
1163,2.461943333
1164,2.541173333
1165,2.51272
1166,2.44577
1167,2.546416667
1168,2.449093333
1169,2.448123333
1170,2.415833333
1171,2.445926667
1172,2.493913333
1173,2.538626667
1174,2.557083333
1175,2.45339
1176,2.456613333
1177,2.471666667
1178,2.359813333
1179,2.387143333
1180,2.41899
1181,2.48125
1182,2.404566667
1183,2.47507
1184,2.48121
1185,2.406973333
1186,2.371556667
1187,2.40298
1188,2.47865
1189,2.333243333
1190,2.455953333
1191,2.488286667
1192,2.52019
1193,2.408663333
1194,2.34395
1195,2.396703333
1196,2.48081
1197,2.447953333
1198,2.43377
1199,2.422466667
1200,2.438106667
1201,2.571286667
1202,2.571506667
1203,2.379536667
1204,2.52552
1205,2.44583
1206,2.556096667
1207,2.481336667
1208,2.430046667
1209,2.413813333
1210,2.501873333
1211,2.401383333
1212,2.427213333
1213,2.514436667
1214,2.45607
1215,2.493486667
1216,2.427066667
1217,2.465483333
1218,2.509273333
1219,2.37965
1220,2.495913333
1221,2.37504
1222,2.58907
1223,2.52327
1224,2.486806667
1225,2.440133333
1226,2.43363
1227,2.373626667
1228,2.53883
1229,2.481506667
1230,2.55009
1231,2.36902
1232,2.463166667
1233,2.460856667
1234,2.448053333
1235,2.431296667
1236,2.376203333
1237,2.501453333
1238,2.452973333
1239,2.515823333
1240,2.504396667
1241,2.393783333
1242,2.36507
1243,2.373956667
1244,2.366396667
1245,2.389606667
1246,2.45589
1247,2.34056
1248,2.5203
1249,2.50049
1250,2.46059
1251,2.42724
1252,2.40462
1253,2.397153333
1254,2.4626
1255,2.492483333
1256,2.34191
1257,2.399363333
1258,2.40122
1259,2.23953
1260,2.453153333
1261,2.436323333
1262,2.389183333
1263,2.451183333
1264,2.464943333
1265,2.452296667
1266,2.480743333
1267,2.395123333
1268,2.395203333
1269,2.432486667
1270,2.37581
1271,2.348756667
1272,2.377596667
1273,2.40354
1274,2.287133333
1275,2.325353333
1276,2.38638
1277,2.47089
1278,2.499923333
1279,2.353496667
1280,2.460686667
1281,2.47652
1282,2.385196667
1283,2.4224
1284,2.399873333
1285,2.436976667
1286,2.374436667
1287,2.40229
1288,2.388573333
1289,2.35051
1290,2.480696667
1291,2.437603333
1292,2.430586667
1293,2.37228
1294,2.36278
1295,2.380043333
1296,2.487226667
1297,2.39111
1298,2.37669
1299,2.39386
1300,2.403753333
1301,2.453406667
1302,2.367243333
1303,2.356966667
1304,2.426236667
1305,2.297566667
1306,2.36184
1307,2.52539
1308,2.473846667
1309,2.430556667
1310,2.413613333
1311,2.41435
1312,2.42512
1313,2.47351
1314,2.540246667
1315,2.50481
1316,2.50956
1317,2.47526
1318,2.406273333
1319,2.41515
1320,2.530803333
1321,2.464903333
1322,2.35519
1323,2.348306667
1324,2.33144
1325,2.297346667
1326,2.36401
1327,2.32029
1328,2.269966667
1329,2.358416667
1330,2.298686667
1331,2.420853333
1332,2.341383333
1333,2.282716667
1334,2.373846667
1335,2.3135
1336,2.319663333
1337,2.265083333
1338,2.30466
1339,2.204533333
1340,2.27773
1341,2.090403333
1342,2.052986667
1343,1.878916667
1344,1.84706
1345,1.757103333
1346,1.769666667
1347,1.803566667
1348,1.849763333
1349,2.003636667
1350,2.08121
1351,2.10542
1352,2.130366667
1353,2.22085
1354,2.2274
1355,2.308133333
1356,2.342223333
1357,2.25778
1358,2.347793333
1359,2.23652
1360,2.317326667
1361,2.278403333
1362,2.312466667
1363,2.293703333
1364,2.427083333
1365,2.432163333
1366,2.306236667
1367,2.311446667
1368,2.3038
1369,2.335043333
1370,2.35166
1371,2.349633333
1372,2.362203333
1373,2.263463333
1374,2.38992
1375,2.29532
1376,2.312833333
1377,2.35057
1378,2.345026667
1379,2.420693333
1380,2.36644
1381,2.342846667
1382,2.44267
1383,2.31446
1384,2.398603333
1385,2.343403333
1386,2.27768
1387,2.43427
1388,2.348383333
1389,2.37123
1390,2.370496667
1391,2.396586667
1392,2.419216667
1393,2.38675
1394,2.375393333
1395,2.420043333
1396,2.33437
1397,2.31673
1398,2.42028
1399,2.352913333
1400,2.391946667
1401,2.32696
1402,2.30629
1403,2.33673
1404,2.31513
1405,2.370173333
1406,2.33958
1407,2.353776667
1408,2.406506667
1409,2.307653333
1410,2.378353333
1411,2.437466667
1412,2.371333333
1413,2.358616667
1414,2.351356667
1415,2.418863333
1416,2.318473333
1417,2.3313
1418,2.314106667
1419,2.41557
1420,2.409226667
1421,2.344013333
1422,2.352773333
1423,2.333293333
1424,2.321753333
1425,2.42483
1426,2.33935
1427,2.387903333
1428,2.39449
1429,2.270296667
1430,2.321753333
1431,2.30872
1432,2.370156667
1433,2.402316667
1434,2.40639
1435,2.267713333
1436,2.223363333
1437,2.3148
1438,2.353003333
1439,2.296746667
1440,2.339936667
1441,2.462053333
1442,2.305143333
1443,2.301733333
1444,2.30823
1445,2.29578
1446,2.372936667
1447,2.268056667
1448,2.329426667
1449,2.22932
1450,2.30939
1451,2.32676
1452,2.30264
1453,2.305873333
1454,2.305123333
1455,2.33233
1456,2.354046667
1457,2.289476667
1458,2.404643333
1459,2.38865
1460,2.352956667
1461,2.313926667
1462,2.224783333
1463,2.334376667
1464,2.388713333
1465,2.294326667
1466,2.27819
1467,2.350783333
1468,2.386063333
1469,2.333506667
1470,2.238113333
1471,2.337323333
1472,2.38146
1473,2.269486667
1474,2.3734
1475,2.39859
1476,2.32872
1477,2.317173333
1478,2.30837
1479,2.23585
1480,2.23501
1481,2.444883333
1482,2.359583333
1483,2.46329
1484,2.354253333
1485,2.182846667
1486,2.296063333
1487,2.260206667
1488,2.252736667
1489,2.287613333
1490,2.284196667
1491,2.27847
1492,2.300453333
1493,2.25509
1494,2.29678
1495,2.296753333
1496,2.30259
1497,2.233116667
1498,2.233863333
1499,2.261093333
1500,2.251253333
1501,2.25606
1502,2.172916667
1503,2.30534
1504,2.256383333
1505,2.386403333
1506,2.284516667
1507,2.34738
1508,2.30034
1509,2.28924
1510,2.26696
1511,2.286083333
1512,2.307
1513,2.278716667
1514,2.268123333
1515,2.207456667
1516,2.24216
1517,2.324026667
1518,2.261236667
1519,2.372256667
1520,2.26144
1521,2.236126667
1522,2.241766667
1523,2.321076667
1524,2.3896
1525,2.232563333
1526,2.21529
1527,2.196586667
1528,2.162476667
1529,2.10565
1530,2.195276667
1531,2.003293333
1532,1.990973333
1533,2.07204
1534,1.95655
1535,2.0347
1536,2.049136667
1537,2.032543333
1538,2.120646667
1539,2.097846667
1540,2.11432
1541,2.263876667
1542,2.15667
1543,2.15139
1544,2.29581
1545,2.18314
1546,2.178453333
1547,2.241193333
1548,2.210756667
1549,2.10829
1550,2.171923333
1551,2.266813333
1552,2.263886667
1553,2.38301
1554,2.175936667
1555,2.33467
1556,2.269976667
1557,2.239556667
1558,2.26071
1559,2.220113333
1560,2.29449
1561,2.288173333
1562,2.239856667
1563,2.33242
1564,2.253933333
1565,2.210346667
1566,2.249473333
1567,2.331933333
1568,2.223503333
1569,2.22713
1570,2.19307
1571,2.398276667
1572,2.22892
1573,2.312803333
1574,2.2285
1575,2.33279
1576,2.18807
1577,2.195523333
1578,2.235203333
1579,2.314586667
1580,2.257176667
1581,2.187133333
1582,2.233436667
1583,2.282023333
1584,2.16534
1585,2.202673333
1586,2.33422
1587,2.29155
1588,2.374603333
1589,2.347953333
1590,2.235596667
1591,2.367156667
1592,2.410693333
1593,2.14239
1594,2.371973333
1595,2.23714
1596,2.22058
1597,2.243663333
1598,2.14468
1599,2.325623333
1600,2.300706667
1601,2.21223
1602,2.155613333
1603,2.242573333
1604,2.250403333
1605,2.327866667
1606,2.30748
1607,2.22688
1608,2.216533333
1609,2.168303333
1610,2.292496667
1611,2.3008
1612,2.251966667
1613,2.306736667
1614,2.207666667
1615,2.178016667
1616,2.204403333
1617,2.216203333
1618,2.258916667
1619,2.138833333
1620,2.169486667
1621,2.328826667
1622,2.299356667
1623,2.235456667
1624,2.256333333
1625,2.27617
1626,2.401183333
1627,2.208316667
1628,2.241713333
1629,2.15774
1630,2.27959
1631,2.217526667
1632,2.243183333
1633,2.344643333
1634,2.285196667
1635,2.212096667
1636,2.217126667
1637,2.260046667
1638,2.287506667
1639,2.286166667
1640,2.190523333
1641,2.233783333
1642,2.19448
1643,2.22497
1644,2.24481
1645,2.300856667
1646,2.191006667
1647,2.237066667
1648,2.336
1649,2.324926667
1650,2.206013333
1651,2.29206
1652,2.192093333
1653,2.2046
1654,2.269276667
1655,2.205186667
1656,2.20273
1657,2.190573333
1658,2.128813333
1659,2.269473333
1660,2.12444
1661,2.193956667
1662,2.263936667
1663,2.23087
1664,2.18971
1665,2.155373333
1666,2.262996667
1667,2.261146667
1668,2.172826667
1669,2.271246667
1670,2.264266667
1671,2.256806667
1672,2.260533333
1673,2.17979
1674,2.358106667
1675,2.2013
1676,2.1396
1677,2.209313333
1678,2.225893333
1679,2.219716667
1680,2.24358
1681,2.291736667
1682,2.251596667
1683,2.231006667
1684,2.264583333
1685,2.248203333
1686,2.280616667
1687,2.25095
1688,2.21871
1689,2.182553333
1690,2.221973333
1691,2.223766667
1692,2.19105
1693,2.204046667
1694,2.13516
1695,2.15333
1696,2.128083333
1697,2.1584
1698,2.184173333
1699,2.215916667
1700,2.29286
1701,2.177886667
1702,2.2203
1703,2.206083333
1704,2.358396667
1705,2.259823333
1706,2.21828
1707,2.131236667
1708,2.195456667
1709,2.148936667
1710,2.231933333
1711,2.141323333
1712,2.14122
1713,2.198193333
1714,2.05073
1715,2.137533333
1716,2.29243
1717,2.21933
1718,2.328243333
1719,2.133473333
1720,2.29977
1721,2.217826667
1722,2.1052
1723,2.27567
1724,2.208906667
1725,2.174833333
1726,2.286226667
1727,2.113313333
1728,2.222263333
1729,2.23809
1730,2.33286
1731,2.19707
1732,2.160656667
1733,2.21871
1734,2.182776667
1735,2.18123
1736,2.1831
1737,2.182256667
1738,2.13014
1739,2.11102
1740,2.18367
1741,2.177493333
1742,2.11448
1743,2.062376667
1744,2.01115
1745,2.139493333
1746,2.250573333
1747,2.230443333
1748,2.193763333
1749,2.263666667
1750,2.30032
1751,2.277176667
1752,2.267366667
1753,2.213896667
1754,2.10273
1755,2.28066
1756,2.24946
1757,2.093346667
1758,2.296753333
1759,2.120416667
1760,2.042613333
1761,2.180483333
1762,2.102563333
1763,2.163423333
1764,2.112696667
1765,2.158253333
1766,2.180406667
1767,2.2011
1768,2.268483333
1769,2.185943333
1770,2.259343333
1771,2.22196
1772,2.10974
1773,2.15901
1774,2.2879
1775,2.219716667
1776,2.156553333
1777,2.13703
1778,2.13254
1779,2.245163333
1780,2.226226667
1781,2.101916667
1782,2.14855
1783,2.23139
1784,2.176516667
1785,2.225663333
1786,2.246876667
1787,2.286466667
1788,2.1947
1789,2.085213333
1790,2.153033333
1791,2.184286667
1792,2.183953333
1793,2.167046667
1794,2.085313333
1795,2.190136667
1796,2.182973333
1797,2.1915
1798,2.206223333
1799,2.162513333
1800,2.15642
1801,2.143706667
1802,2.305313333
1803,2.216283333
1804,2.222343333
1805,2.195013333
1806,2.079946667
1807,2.114076667
1808,2.28789
1809,2.231333333
1810,2.208616667
1811,2.184773333
1812,2.109113333
1813,2.123413333
1814,2.19148
1815,2.075356667
1816,2.012856667
1817,2.065036667
1818,2.11443
1819,2.188826667
1820,2.158946667
1821,2.17222
1822,2.10452
1823,2.228356667
1824,2.1206
1825,2.029036667
1826,2.081556667
1827,2.22777
1828,2.21738
1829,2.151433333
1830,2.169856667
1831,2.18946
1832,2.089226667
1833,2.055023333
1834,2.183596667
1835,2.10549
1836,2.17015
1837,2.111976667
1838,2.167843333
1839,2.231693333
1840,2.167723333
1841,2.232346667
1842,2.270203333
1843,2.092846667
1844,2.16286
1845,2.169343333
1846,2.232993333
1847,2.187383333
1848,2.097663333
1849,2.161326667
1850,2.279073333
1851,2.236366667
1852,2.15134
1853,2.147936667
1854,2.08145
1855,2.18421
1856,2.24189
1857,2.209186667
1858,2.174486667
1859,2.166723333
1860,2.22613
1861,2.192653333
1862,2.051
1863,2.147463333
1864,2.11619
1865,2.116273333
1866,2.088503333
1867,2.057483333
1868,2.11515
1869,2.104943333
1870,2.177843333
1871,2.199336667
1872,2.215823333
1873,2.155303333
1874,2.104746667
1875,2.13447
1876,2.151376667
1877,2.10454
1878,2.120533333
1879,2.170443333
1880,2.110743333
1881,2.074533333
1882,2.00763
1883,2.177043333
1884,2.233473333
1885,2.13546
1886,2.124673333
1887,2.092216667
1888,2.246686667
1889,2.205013333
1890,2.067973333
1891,2.197353333
1892,2.142113333
1893,2.149903333
1894,2.15692
1895,2.106583333
1896,2.14026
1897,2.1649
1898,2.21044
1899,2.115756667
1900,2.122706667
1901,2.11619
1902,2.058503333
1903,2.147246667
1904,2.082593333
1905,2.131046667
1906,2.21857
1907,2.17335
1908,2.074836667
1909,2.0775
1910,2.108183333
1911,2.043466667
1912,2.169933333
1913,2.163893333
1914,2.17148
1915,2.104453333
1916,2.04872
1917,2.115443333
1918,2.15686
1919,2.208316667
1920,2.185
1921,2.05639
1922,2.112913333
1923,2.153206667
1924,2.175396667
1925,2.20386
1926,2.119366667
1927,2.180156667
1928,2.279966667
1929,2.084066667
1930,2.106396667
1931,2.05861
1932,2.126553333
1933,2.13214
1934,2.106833333
1935,2.13927
1936,2.106306667
1937,2.05826
1938,2.04425
1939,1.9588
1940,2.12757
1941,2.181483333
1942,2.16548
1943,2.105716667
1944,2.050686667
1945,2.103373333
1946,2.157623333
1947,2.11135
1948,2.109163333
1949,2.19896
1950,2.169036667
1951,2.13099
1952,2.131036667
1953,2.110103333
1954,2.133456667
1955,2.101883333
1956,2.17266
1957,2.20822
1958,2.210763333
1959,2.188503333
1960,2.163216667
1961,2.17332
1962,2.135656667
1963,2.096953333
1964,2.180546667
1965,2.125813333
1966,2.106866667
1967,2.165793333
1968,2.19722
1969,2.060956667
1970,2.09945
1971,2.141473333
1972,2.090966667
1973,2.064986667
1974,2.14454
1975,2.067926667
1976,2.132353333
1977,2.155186667
1978,2.096683333
1979,2.08065
1980,2.01896
1981,2.15107
1982,2.16179
1983,2.192206667
1984,2.068753333
1985,2.24076
1986,2.11273
1987,2.12293
1988,2.16791
1989,2.087993333
1990,2.1422
1991,2.08271
1992,2.066506667
1993,2.164136667
1994,2.110953333
1995,2.139496667
1996,2.064436667
1997,2.112373333
1998,2.17293
1999,2.10073
2000,2.107733333
2001,2.174913333
2002,2.062926667
2003,2.167056667
2004,2.259423333
2005,2.031016667
2006,2.167633333
2007,2.0862
2008,2.130553333
2009,2.19683
2010,2.050313333
2011,2.0632
2012,2.055913333
2013,2.180416667
2014,2.16129
2015,2.104853333
2016,2.039553333
2017,2.01697
2018,2.00537
2019,1.969553333
2020,2.060333333
2021,2.120806667
2022,2.193233333
2023,2.04212
2024,2.09842
2025,2.0829
2026,2.025553333
2027,1.99585
2028,1.96231
2029,2.058833333
2030,2.083
2031,2.056236667
2032,2.007366667
2033,2.12393
2034,1.99331
2035,2.10113
2036,1.976096667
2037,1.93581
2038,2.002713333
2039,2.01713
2040,1.941096667
2041,1.979626667
2042,1.95329
2043,2.036036667
2044,1.868136667
2045,1.95754
2046,1.92931
2047,1.96056
2048,1.980733333
2049,2.075153333
2050,1.971796667
2051,1.942876667
2052,1.935733333
2053,1.96569
2054,1.947296667
2055,2.078236667
2056,1.900223333
2057,2.06694
2058,2.005663333
2059,2.01384
2060,2.02124
2061,2.13462
2062,1.965566667
2063,2.01366
2064,2.082076667
2065,2.173136667
2066,2.069196667
2067,2.069863333
2068,2.09034
2069,2.079293333
2070,2.056706667
2071,2.053516667
2072,2.079596667
2073,2.00142
2074,2.076506667
2075,2.00539
2076,2.072806667
2077,2.085403333
2078,2.092456667
2079,2.090616667
2080,2.105903333
2081,2.109326667
2082,2.032403333
2083,2.042306667
2084,2.065786667
2085,2.113196667
2086,2.21123
2087,2.0758
2088,2.0992
2089,2.047693333
2090,2.040946667
2091,2.239913333
2092,2.218873333
2093,2.06651
2094,2.12575
2095,2.100223333
2096,2.096343333
2097,2.060956667
2098,2.024993333
2099,2.14363
2100,1.89565
2101,2.06223
2102,2.056106667
2103,2.142063333
2104,2.11929
2105,2.029893333
2106,2.108863333
2107,2.167213333
2108,2.07359
2109,2.051076667
2110,2.110806667
2111,2.06918
2112,2.020603333
2113,2.087296667
2114,2.0655
2115,2.19432
2116,2.053376667
2117,2.11314
2118,2.119626667
2119,2.061923333
2120,2.147596667
2121,2.077536667
2122,2.042163333
2123,2.139126667
2124,2.077406667
2125,2.046546667
2126,2.175
2127,2.0562
2128,2.074723333
2129,2.018543333
2130,2.033433333
2131,2.128943333
2132,2.120946667
2133,2.066246667
2134,1.99995
2135,2.06484
2136,2.093253333
2137,2.131596667
2138,2.05934
2139,2.055626667
2140,2.06522
2141,2.187423333
2142,2.03805
2143,2.136503333
2144,2.05315
2145,2.058386667
2146,2.067253333
2147,2.075163333
2148,2.134223333
2149,2.04592
2150,2.05378
2151,2.132586667
2152,2.057126667
2153,2.0125
2154,2.095643333
2155,2.01134
2156,2.001243333
2157,2.089113333
2158,2.053156667
2159,2.084803333
2160,2.012056667
2161,2.053763333
2162,2.03146
2163,2.109496667
2164,2.05135
2165,2.077406667
2166,1.98312
2167,2.145183333
2168,2.006006667
2169,2.092663333
2170,1.942783333
2171,2.086926667
2172,2.058946667
2173,2.103086667
2174,2.020353333
2175,2.064863333
2176,2.04274
2177,2.10581
2178,2.04146
2179,2.074993333
2180,1.98658
2181,1.990646667
2182,2.069543333
2183,2.100213333
2184,2.027023333
2185,2.04557
2186,2.03475
2187,2.005416667
2188,1.958826667
2189,2.0929
2190,2.00641
2191,1.956236667
2192,2.036873333
2193,1.97245
2194,2.031706667
2195,1.99179
2196,2.012723333
2197,2.034986667
2198,1.933516667
2199,2.034443333
2200,2.04836
2201,2.037496667
2202,1.98446
2203,1.918436667
2204,1.975906667
2205,2.029466667
2206,1.975416667
2207,1.982886667
2208,2.012156667
2209,2.071143333
2210,1.97269
2211,2.01861
2212,2.001503333
2213,1.947626667
2214,2.092416667
2215,2.004436667
2216,1.9702
2217,2.054776667
2218,2.057213333
2219,2.01077
2220,1.896386667
2221,1.9768
2222,2.032066667
2223,2.01543
2224,1.92133
2225,1.936776667
2226,1.87565
2227,1.89392
2228,1.901223333
2229,1.964673333
2230,1.941823333
2231,1.8928
2232,1.785133333
2233,1.84508
2234,1.66493
2235,1.794916667
2236,1.759566667
2237,1.79976
2238,1.65282
2239,1.712946667
2240,1.703456667
2241,1.7759
2242,1.7095
2243,1.692386667
2244,1.653956667
2245,1.57479
2246,1.659956667
2247,1.72895
2248,1.657776667
2249,1.746796667
2250,1.66716
2251,1.756406667
2252,1.731176667
2253,1.72746
2254,1.74624
2255,1.801313333
2256,1.777976667
2257,1.748596667
2258,1.830706667
2259,1.853706667
2260,1.90796
2261,1.92639
2262,1.883886667
2263,1.951786667
2264,1.85692
2265,1.924263333
2266,1.98478
2267,1.95631
2268,1.881046667
2269,1.97571
2270,1.84688
2271,2.030716667
2272,2.033003333
2273,1.904783333
2274,1.956936667
2275,2.066383333
2276,2.07397
2277,2.017763333
2278,2.012103333
2279,2.037073333
2280,1.99157
2281,2.106333333
2282,2.04255
2283,2.05943
2284,2.011613333
2285,2.049036667
2286,2.132353333
2287,2.059246667
2288,2.08699
2289,1.96645
2290,2.03857
2291,1.99896
2292,2.02883
2293,1.994406667
2294,2.105653333
2295,2.10302
2296,2.194013333
2297,2.04794
2298,1.98624
2299,2.113733333
2300,2.02438
2301,2.1048
2302,2.17813
2303,2.042673333
2304,2.006216667
2305,2.00056
2306,2.087163333
2307,2.0339
2308,2.01069
2309,2.099493333
2310,2.054453333
2311,2.067206667
2312,2.064153333
2313,2.0882
2314,2.058036667
2315,2.011233333
2316,2.105546667
2317,2.104156667
2318,2.004706667
2319,2.102836667
2320,1.94779
2321,2.00382
2322,1.964633333
2323,1.97396
2324,1.95851
2325,2.110276667
2326,1.99399
2327,1.963183333
2328,2.019753333
2329,1.88156
2330,2.07657
2331,2.089966667
2332,2.0222
2333,2.040293333
2334,2.133013333
2335,2.070006667
2336,2.020323333
2337,2.015776667
2338,2.041353333
2339,1.962206667
2340,1.98939
2341,2.071556667
2342,1.99591
2343,1.96422
2344,1.98124
2345,2.03185
2346,2.102296667
2347,2.02388
2348,1.84289
2349,1.9654
2350,2.017966667
2351,1.98949
2352,2.017623333
2353,2.004176667
2354,1.977526667
2355,2.050113333
2356,2.00305
2357,1.93798
2358,2.0152
2359,2.019666667
2360,2.022856667
2361,1.949626667
2362,1.9499
2363,2.07776
2364,1.971463333
2365,1.988623333
2366,2.029166667
2367,1.961863333
2368,1.983666667
2369,1.9837
2370,2.00567
2371,1.886193333
2372,2.05371
2373,1.916503333
2374,1.879716667
2375,1.970683333
2376,2.047353333
2377,1.995446667
2378,1.965036667
2379,1.946386667
2380,2.03288
2381,1.885416667
2382,1.94565
2383,2.013406667
2384,1.90686
2385,1.938126667
2386,1.952113333
2387,1.915283333
2388,1.97671
2389,1.999676667
2390,1.870063333
2391,1.86731
2392,1.895156667
2393,1.94428
2394,1.911293333
2395,1.885153333
2396,1.855843333
2397,1.766673333
2398,1.870676667
2399,1.836876667
2400,1.834743333
2401,1.80291
2402,1.807613333
2403,1.861333333
2404,1.883876667
2405,1.7709
2406,1.82802
2407,1.729823333
2408,1.823936667
2409,1.780786667
2410,1.70512
2411,1.810606667
2412,1.746446667
2413,1.72427
2414,1.808503333
2415,1.60769
2416,1.755126667
2417,1.62023
2418,1.7289
2419,1.690543333
2420,1.691766667
2421,1.68399
2422,1.681013333
2423,1.80969
2424,1.63021
2425,1.636576667
2426,1.636023333
2427,1.650436667
2428,1.652236667
2429,1.620863333
2430,1.601703333
2431,1.714056667
2432,1.520906667
2433,1.66706
2434,1.65759
2435,1.68322
2436,1.725296667
2437,1.750503333
2438,1.719996667
2439,1.63131
2440,1.65696
2441,1.670006667
2442,1.638793333
2443,1.703016667
2444,1.771876667
2445,1.612723333
2446,1.775903333
2447,1.73603
2448,1.76255
2449,1.71463
2450,1.910846667
2451,1.890346667
2452,1.80322
2453,1.743936667
2454,1.7832
2455,1.86914
2456,1.810126667
2457,1.792316667
2458,1.758806667
2459,1.87479
2460,1.778943333
2461,1.782793333
2462,1.93329
2463,1.846163333
2464,1.828613333
2465,1.836973333
2466,1.923586667
2467,1.820233333
2468,1.909593333
2469,1.817673333
2470,1.911696667
2471,1.862286667
2472,1.849993333
2473,1.842003333
2474,1.971436667
2475,1.852016667
2476,1.804593333
2477,1.950316667
2478,1.909376667
2479,1.902613333
2480,1.8978
2481,1.9474
2482,1.848693333
2483,1.903233333
2484,1.93792
2485,1.92449
2486,1.943416667
2487,1.933576667
2488,1.915366667
2489,2.032353333
2490,1.93564
2491,1.945263333
2492,2.00709
2493,1.894543333
2494,1.995966667
2495,1.95755
2496,1.951483333
2497,1.910153333
2498,1.81912
2499,2.00031
2500,1.98891
2501,1.955873333
2502,1.991456667
2503,1.950726667
2504,1.94893
2505,2.008893333
2506,2.00398
2507,1.94327
2508,1.882213333
2509,1.958986667
2510,1.90332
2511,2.00606
2512,2.016253333
2513,1.981056667
2514,1.973606667
2515,1.957256667
2516,1.982416667
2517,1.995186667
2518,2.124523333
2519,2.004483333
2520,2.00088
2521,2.036713333
2522,1.97756
2523,1.9564
2524,1.977793333
2525,1.986096667
2526,1.95944
2527,2.000876667
2528,1.96072
2529,2.0549
2530,2.020653333
2531,1.946163333
2532,1.89539
2533,2.011563333
2534,1.982733333
2535,2.08358
2536,1.89095
2537,1.858343333
2538,1.997546667
2539,1.900873333
2540,1.963783333
2541,1.97287
2542,1.929353333
2543,2.01611
2544,2.01624
2545,1.918383333
2546,1.979313333
2547,1.927433333
2548,2.013566667
2549,1.982503333
2550,1.960536667
2551,1.942646667
2552,2.00268
2553,1.995906667
2554,2.08345
2555,2.05869
2556,2.005466667
2557,2.008996667
2558,2.035646667
2559,1.990823333
2560,2.02315
2561,2.006756667
2562,1.98271
2563,1.95194
2564,2.017126667
2565,2.049513333
2566,2.124903333
2567,1.996863333
2568,1.91656
2569,2.006876667
2570,2.007596667
2571,2.08776
2572,2.03562
2573,1.899383333
2574,2.078676667
2575,1.95542
2576,1.981326667
2577,2.04243
2578,2.046896667
2579,2.022916667
2580,1.968173333
2581,2.019866667
2582,1.99071
2583,2.077256667
2584,2.03209
2585,1.938436667
2586,2.024333333
2587,1.955196667
2588,1.960066667
2589,1.879003333
2590,1.95777
2591,1.91241
2592,2.01026
2593,1.968523333
2594,1.925506667
2595,1.878353333
2596,2.051333333
2597,1.903956667
2598,2.072676667
2599,2.042283333
2600,1.98185
2601,1.967636667
2602,1.962686667
2603,2.020956667
2604,1.9969
2605,2.074926667
2606,2.000256667
2607,1.98352
2608,2.09145
2609,2.020426667
2610,1.936183333
2611,2.09174
2612,2.017673333
2613,2.00263
2614,2.008296667
2615,1.99941
2616,1.894173333
2617,1.90914
2618,2.06316
2619,1.96423
2620,2.03767
2621,2.05012
2622,2.019496667
2623,1.922283333
2624,1.98796
2625,2.012793333
2626,1.946393333
2627,1.94463
2628,2.052756667
2629,1.987706667
2630,1.879446667
2631,1.882286667
2632,1.99881
2633,1.89555
2634,1.98121
2635,1.947206667
2636,2.044683333
2637,2.046746667
2638,2.012456667
2639,1.98276
2640,1.949756667
2641,1.967766667
2642,1.95167
2643,1.882006667
2644,1.986263333
2645,2.01903
2646,1.925146667
2647,2.038746667
2648,1.95098
2649,1.92293
2650,1.95596
2651,1.97428
2652,1.9509
2653,1.986906667
2654,2.01521
2655,1.98066
2656,1.998616667
2657,1.985136667
2658,2.08153
2659,2.02346
2660,2.007486667
2661,1.94285
2662,1.98101
2663,1.950146667
2664,1.881576667
2665,2.049623333
2666,2.05863
2667,1.99303
2668,1.97441
2669,1.95574
2670,1.98168
2671,1.938276667
2672,1.99528
2673,1.907353333
2674,1.909266667
2675,1.935533333
2676,1.958433333
2677,1.974723333
2678,1.914916667
2679,1.99628
2680,2.03611
2681,1.996173333
2682,2.008666667
2683,1.994586667
2684,1.994746667
2685,2.023086667
2686,1.948766667
2687,1.93259
2688,2.04515
2689,2.017686667
2690,2.013066667
2691,1.892723333
2692,1.971376667
2693,1.93384
2694,1.938396667
2695,2.00001
2696,1.9465
2697,2.016936667
2698,2.020833333
2699,1.90384
2700,2.00075
2701,1.918106667
2702,1.91727
2703,1.95716
2704,1.966716667
2705,1.91188
2706,1.98521
2707,1.9687
2708,2.087516667
2709,2.08249
2710,1.96833
2711,2.01101
2712,1.99471
2713,1.993026667
2714,2.015386667
2715,1.94626
2716,1.96964
2717,1.878843333
2718,1.969076667
2719,1.88917
2720,1.93332
2721,4.13679
2722,4.232576667
2723,4.231706667
2724,4.165643333
2725,4.2416
2726,4.24944
2727,4.25254
2728,4.25295
2729,4.282166667
2730,4.25824
2731,4.28149
2732,4.256043333
2733,4.281456667
2734,4.252
2735,4.282896667
2736,4.26403
2737,4.270776667
2738,4.282866667
2739,4.289476667
2740,4.264376667
2741,4.259
2742,4.286546667
2743,4.27557
2744,4.26798
2745,4.275643333
2746,4.276276667
2747,4.257236667
2748,4.283736667
2749,4.29415
2750,4.296966667
2751,4.260503333
2752,4.28482
2753,4.275383333
2754,4.27347
2755,4.25071
2756,4.26197
2757,4.27099
2758,4.26224
2759,4.27638
2760,4.262006667
2761,4.285406667
2762,4.254946667
2763,4.263776667
2764,4.282976667
2765,4.274993333
2766,4.267976667
2767,4.293146667
2768,4.270483333
2769,4.28121
2770,4.265913333
2771,4.25302
2772,4.28581
2773,4.26673