X,Y,Y,Y
1,1.008444535,1.020442,1.011897
2,1.011038556,1.02436,1.013176
3,1.013291091,1.028913,1.015417
4,1.015190401,1.032005,1.016563
5,1.013669341,1.029736,1.01585
6,1.014684926,1.028924,1.014033
7,1.016247519,1.031164,1.014678
8,1.015004824,1.032131,1.016873
9,1.012268077,1.027279,1.014829
10,1.010325542,1.022112,1.011666
11,1.011440804,1.022951,1.01138
12,1.011538367,1.025007,1.013315
13,1.014767866,1.029001,1.014026
14,1.013899876,1.029154,1.015045
15,1.015033035,1.029615,1.014366
16,1.017252343,1.033447,1.01592
17,1.020196182,1.0362,1.015687
18,1.021979922,1.040303,1.017929
19,1.02247043,1.040379,1.017515
20,1.018122741,1.033081,1.014692
21,1.017277137,1.032519,1.014983
22,1.016853528,1.030397,1.013319
23,1.018215881,1.032085,1.013621
24,1.015515509,1.029947,1.014211
25,1.015383309,1.028036,1.012461
26,1.018049335,1.029988,1.011727
27,1.018923739,1.032291,1.013119
28,1.019237491,1.032298,1.012814
29,1.021448542,1.034662,1.012936
30,1.019922827,1.033498,1.01331
31,1.019978906,1.034789,1.01452
32,1.022495691,1.036282,1.013483
33,1.022059839,1.036013,1.013652
34,1.024465793,1.036534,1.01178
35,1.024182202,1.038743,1.014217
36,1.02527275,1.038995,1.013384
37,1.026761184,1.038955,1.011876
38,1.029514296,1.041015,1.011171
39,1.026066384,1.037821,1.011456
40,1.024501375,1.03611,1.011331
41,1.024471714,1.036959,1.012189
42,1.025947047,1.037135,1.010905
43,1.028687933,1.040129,1.011122
44,1.028974846,1.040664,1.01136
45,1.027043193,1.038847,1.011493
46,1.02214422,1.034643,1.012228
47,1.020517652,1.033268,1.012494
48,1.021633235,1.033759,1.011869
49,1.01935254,1.030122,1.010565
50,1.017399051,1.026635,1.009078
51,1.017274385,1.026144,1.008719
52,1.018069542,1.024631,1.006445
53,1.013185245,1.020697,1.007414
54,1.015706427,1.023051,1.007231
55,1.016212528,1.021758,1.005457
56,1.014507574,1.02181,1.007198
57,1.014343798,1.020369,1.00594
58,1.014305178,1.019894,1.00551
59,1.015204578,1.020374,1.005092
60,1.011332669,1.017966,1.006559
61,1.0171237,1.021834,1.004631
62,1.014724212,1.020085,1.005283
63,1.015153459,1.020817,1.005579
64,1.017070901,1.021724,1.004575
65,1.013664348,1.018683,1.004951
66,1.012193837,1.018184,1.005918
67,1.014593159,1.019866,1.005197
68,1.01675809,1.020575,1.003754
69,1.017059109,1.022478,1.005328
70,1.020870351,1.02325,1.002331
71,1.018689362,1.021613,1.00287
72,1.015283242,1.018788,1.003452
73,1.017248688,1.019862,1.002569
74,1.019281787,1.024315,1.004938
75,1.018297565,1.02372,1.005325
76,1.021074872,1.02549,1.004324
77,1.01835024,1.023054,1.004619
78,1.023202831,1.024886,1.001645
79,1.021403777,1.024564,1.003094
80,1.020052823,1.021537,1.001455
81,1.022816805,1.02426,1.001411
82,1.018606615,1.023062,1.004374
83,1.024500345,1.029002,1.004394
84,1.022671173,1.02749,1.004712
85,1.021892198,1.024777,1.002823
86,1.024415814,1.026018,1.001564
87,1.023735466,1.026562,1.002761
88,1.024459552,1.026028,1.001531
89,1.023682284,1.02501,1.001297
90,1.022926918,1.024626,1.001661
91,1.024846122,1.026491,1.001605
92,1.02312048,1.023409,1.000282
93,1.025307609,1.025445,1.000134
94,1.025556338,1.026546,1.000965
95,1.023951557,1.024056,1.000102
96,1.023901476,1.02311,0.999227
97,1.022229569,1.020318,0.99813
98,1.024432834,1.021379,0.997019
99,1.025383487,1.023748,0.998405
100,1.021153981,1.020286,0.99915
101,1.021813952,1.020692,0.998902
102,1.022856154,1.022178,0.999337
103,1.020303513,1.020529,1.000221
104,1.019053229,1.018934,0.999883
105,1.021726961,1.020271,0.998575
106,1.023086717,1.019687,0.996677
107,1.021791115,1.020379,0.998618
108,1.02055858,1.018147,0.997637
109,1.017311959,1.016903,0.999598
110,1.02193552,1.017532,0.995691
111,1.017529306,1.015596,0.9981
112,1.017948726,1.014845,0.996951
113,1.018263507,1.015113,0.996906
114,1.021179059,1.019344,0.998203
115,1.019880556,1.014722,0.994942
116,1.018666087,1.012822,0.994263
117,1.016293855,1.01281,0.996572
118,1.017129001,1.010894,0.99387
119,1.021052239,1.014105,0.993196
120,1.017413705,1.013049,0.99571
121,1.019669701,1.013931,0.994372
122,1.015017647,1.012338,0.99736
123,1.018188076,1.014657,0.996532
124,1.019513537,1.015776,0.996334
125,1.018224696,1.012934,0.994804
126,1.01930942,1.011369,0.99221
127,1.017763788,1.011359,0.993707
128,1.018856101,1.012961,0.994214
129,1.016342465,1.009597,0.993363
130,1.018789342,1.011234,0.992584
131,1.018982492,1.013266,0.99439
132,1.016785365,1.010948,0.994259
133,1.016735092,1.010168,0.993541
134,1.016197898,1.010558,0.99445
135,1.017694607,1.010873,0.993297
136,1.01805778,1.011474,0.993533
137,1.018713978,1.013326,0.994711
138,1.017120132,1.010993,0.993976
139,1.018405847,1.010834,0.992565
140,1.016479565,1.007871,0.991531
141,1.014563811,1.00775,0.993284
142,1.018869677,1.00906,0.990372
143,1.018817354,1.009215,0.990575
144,1.017019787,1.008129,0.991258
145,1.019775624,1.00943,0.989855
146,1.016099036,1.006945,0.990991
147,1.014983656,1.009791,0.994884
148,1.020099387,1.010589,0.990677
149,1.024066816,1.011437,0.987667
150,1.016315538,1.00644,0.990283
151,1.015189682,1.006322,0.991265
152,1.016027061,1.004739,0.98889
153,1.014149609,1.004,0.989992
154,1.014791315,1.004067,0.989432
155,1.012464036,1.002226,0.989888
156,1.016103739,1.004321,0.988404
157,1.017751402,1.006491,0.988936
158,1.018069722,1.008113,0.99022
159,1.019626621,1.009308,0.98988
160,1.017362097,1.006809,0.989627
161,1.016487006,1.003416,0.987141
162,1.019294625,1.007481,0.98841
163,1.017038173,1.007895,0.99101
164,1.014154442,1.00488,0.990855
165,1.015777471,1.005768,0.990146
166,1.015847723,1.00343,0.987776
167,1.017765889,1.005971,0.988411
168,1.02159666,1.008557,0.987236
169,1.015450425,1.001292,0.986057
170,1.014964282,1.00294,0.988153
171,1.016914326,1.003187,0.986501
172,1.015313863,1.003853,0.988712
173,1.021629384,1.007394,0.986066
174,1.012913347,1.001434,0.988667
175,1.016713821,1.002247,0.985771
176,1.015265566,1.001461,0.986403
177,1.014254347,1.00192,0.987839
178,1.015966188,1.003355,0.987587
179,1.019941305,1.004735,0.985091
180,1.014575647,1.001862,0.987469
181,1.017861467,1.0045,0.986873
182,1.017250659,1.001762,0.984774
183,1.019330789,1.00463,0.985578
184,1.023512686,1.007159,0.984022
185,1.017834692,1.003071,0.985495
186,1.018405119,1.004842,0.986682
187,1.015279601,1.002349,0.987264
188,1.017876113,1.000332,0.982764
189,1.015520823,0.996885,0.981649
190,1.019248647,0.998828,0.979965
191,1.020454,0.99955,0.979515
192,1.018793793,1.001946,0.983463
193,1.015977009,1.00116,0.985416
194,1.012125905,0.99736,0.985411
195,1.016417058,1.001926,0.985743
196,1.018449025,1.001721,0.983575
197,1.017236136,1.000113,0.983167
198,1.014560489,0.998988,0.984651
199,1.013670803,0.997002,0.983556
200,1.014961952,0.998074,0.983361
201,1.014475723,0.999708,0.985443
202,1.015459767,1.001353,0.986108
203,1.01837371,1.000709,0.982654
204,1.017207602,0.999497,0.982589
205,1.014865396,1.000092,0.985443
206,1.014365306,1.000998,0.986822
207,1.018517125,1.001404,0.983198
208,1.017422325,1.001052,0.98391
209,1.013954449,0.996701,0.982984
210,1.020699585,1.003856,0.983498
211,1.019428532,1.003502,0.984377
212,1.014655889,0.996594,0.982199
213,1.017726204,1.000433,0.983008
214,1.013271399,0.996673,0.983619
215,1.016995281,1.000343,0.983626
216,1.016768176,0.998809,0.982337
217,1.016206033,0.99896,0.983029
218,1.014523434,0.997309,0.983032
219,1.014118097,0.998021,0.984127
220,1.017451797,0.997175,0.980071
221,1.017525249,0.999512,0.982297
222,1.018332997,0.997781,0.979818
223,1.015143133,0.992677,0.977869
224,1.009091989,0.985231,0.976354
225,1.011177629,0.98371,0.972836
226,1.012838275,0.98694,0.97443
227,1.014674722,0.99077,0.976441
228,1.015596435,0.993298,0.978044
229,1.017835611,0.996914,0.979445
230,1.018749681,0.997468,0.97911
231,1.014957304,0.995326,0.980658
232,1.019294053,0.995835,0.976985
233,1.014103827,0.986218,0.972502
234,1.011844261,0.988329,0.97676
235,1.014052449,0.991722,0.977979
236,1.014351428,0.994955,0.980878
237,1.014710507,0.993775,0.979368
238,1.017978978,0.995332,0.977753
239,1.017247163,0.997597,0.980683
240,1.019194471,0.998408,0.979605
241,1.018432531,0.99796,0.979898
242,1.018663048,0.995354,0.977118
243,1.015642547,0.992103,0.976823
244,1.01219892,0.991296,0.979349
245,1.012628887,0.990828,0.978471
246,1.019326331,0.998159,0.979234
247,1.019695119,0.99929,0.979989
248,1.024691017,1.000454,0.976347
249,1.020362819,0.997923,0.978008
250,1.016517027,0.996206,0.980019
251,1.020071118,0.995721,0.976129
252,1.019842474,0.994428,0.97508
253,1.016204917,0.994199,0.978345
254,1.012837859,0.990364,0.977811
255,1.013632465,0.990325,0.977006
256,1.014552086,0.990284,0.97608
257,1.017696112,0.98974,0.97253
258,1.015559216,0.991395,0.976206
259,1.013170913,0.986177,0.973357
260,1.011134767,0.982642,0.971821
261,1.014184644,0.990258,0.976408
262,1.015380954,0.98977,0.974777
263,1.016102773,0.99359,0.977844
264,1.016796876,0.993559,0.977146
265,1.017496648,0.995535,0.978416
266,1.018055541,0.993103,0.97549
267,1.020886754,0.998122,0.977701
268,1.019915043,0.995945,0.976498
269,1.017963703,0.9918,0.974298
270,1.022419791,0.996937,0.975076
271,1.021310403,0.996274,0.975486
272,1.018729322,0.994888,0.976597
273,1.022637,0.993544,0.971551
274,1.014314317,0.990412,0.976435
275,1.016849483,0.991172,0.974748
276,1.020492384,0.993831,0.973874
277,1.02102079,0.995385,0.974892
278,1.012933021,0.9892,0.97657
279,1.019325136,0.991679,0.972878
280,1.016875808,0.992363,0.975894
281,1.021203706,0.994729,0.974075
282,1.02458354,0.994053,0.970202
283,1.019950048,0.992749,0.973331
284,1.016429817,0.990396,0.974387
285,1.013783331,0.986545,0.973132
286,1.017456852,0.988848,0.971882
287,1.017334495,0.991776,0.974877
288,1.014136663,0.989196,0.975407
289,1.016789215,0.991219,0.974852
290,1.017803044,0.99276,0.975395
291,1.018629986,0.99337,0.975202
292,1.023159058,0.994263,0.971758
293,1.022557714,0.993831,0.971907
294,1.019699329,0.992869,0.973688
295,1.011346602,0.984999,0.973948
296,1.019015651,0.990579,0.972094
297,1.016543683,0.989404,0.973302
298,1.012445318,0.985004,0.972896
299,1.0144543,0.985658,0.971614
300,1.017924684,0.988242,0.97084
301,1.01881248,0.989488,0.971217
302,1.020651335,0.990635,0.970591
303,1.017833311,0.988422,0.971104
304,1.021650955,0.991406,0.970396
305,1.017826827,0.989232,0.971906
306,1.017534309,0.988733,0.971695
307,1.021373911,0.99328,0.972494
308,1.013327274,0.983349,0.970416
309,1.016677322,0.985994,0.96982
310,1.017160822,0.986172,0.969534
311,1.01989351,0.989722,0.970417
312,1.017436189,0.988716,0.971772
313,1.013595711,0.98566,0.972439
314,1.016764098,0.987039,0.970765
315,1.015499515,0.983886,0.968869
316,1.010733988,0.97872,0.968326
317,1.016193934,0.98112,0.965485
318,1.015521376,0.982456,0.96744
319,1.015994827,0.985135,0.969626
320,1.019477094,0.98948,0.970576
321,1.014285494,0.987128,0.973225
322,1.016817547,0.987521,0.971188
323,1.020464273,0.990631,0.970765
324,1.017131084,0.988805,0.972151
325,1.017852568,0.989199,0.971849
326,1.021646132,0.988224,0.967286
327,1.01519465,0.984217,0.969486
328,1.013814447,0.982445,0.969058
329,1.022751307,0.989382,0.967373
330,1.020977621,0.989458,0.969128
331,1.01338703,0.982121,0.969147
332,1.011132055,0.983787,0.972956
333,1.021595463,0.99196,0.970991
334,1.020019,0.989957,0.970528
335,1.023134027,0.990538,0.968141
336,1.026385914,0.992975,0.967448
337,1.021941113,0.98705,0.965858
338,1.025151154,0.992741,0.968385
339,1.017365501,0.984997,0.968184
340,1.016488533,0.987481,0.971463
341,1.020642837,0.987178,0.967212
342,1.023575167,0.98853,0.965762
343,1.019323587,0.987537,0.968816
344,1.012593283,0.978719,0.966547
345,1.009218515,0.973582,0.964689
346,1.011097613,0.972958,0.962279
347,1.015146694,0.979378,0.964765
348,1.014163945,0.980157,0.966468
349,1.016595092,0.982162,0.966129
350,1.022482177,0.988046,0.966321
351,1.02080622,0.987531,0.967403
352,1.023241301,0.985409,0.963027
353,1.01685388,0.986453,0.970103
354,1.014340918,0.982518,0.968627
355,1.020560105,0.988737,0.968818
356,1.026044485,0.98986,0.964734
357,1.018715135,0.985776,0.967666
358,1.020415175,0.986018,0.966291
359,1.018380302,0.980355,0.962661
360,1.019684086,0.981035,0.962097
361,1.010694583,0.974633,0.96432
362,1.013042283,0.976902,0.964325
363,1.018980569,0.983625,0.965303
364,1.024078859,0.988402,0.965162
365,1.020516769,0.984715,0.964918
366,1.025407402,0.990481,0.965939
367,1.016495908,0.983904,0.967937
368,1.022629981,0.98779,0.965931
369,1.028323208,0.9919,0.96458
370,1.021944194,0.986635,0.965449
371,1.013242768,0.983344,0.970492
372,1.018756833,0.983136,0.965035
373,1.022183228,0.985632,0.964242
374,1.022007348,0.984979,0.963769
375,1.018293961,0.981169,0.963542
376,1.026829968,0.988215,0.962394
377,1.025771182,0.984727,0.959987
378,1.016945791,0.97417,0.957937
379,1.019680818,0.974822,0.956007
380,1.022013608,0.974259,0.953274
381,1.016726555,0.973353,0.95734
382,1.018713725,0.976758,0.958815
383,1.027377014,0.986397,0.960112
384,1.026138118,0.985933,0.960819
385,1.024399869,0.98641,0.962915
386,1.024193071,0.985793,0.962507
387,1.02450004,0.985442,0.961876
388,1.019190088,0.98238,0.963883
389,1.024163615,0.987814,0.964508
390,1.024353601,0.990006,0.966469
391,1.02895535,0.990955,0.963069
392,1.027226595,0.989664,0.963433
393,1.022095805,0.984405,0.963124
394,1.016966324,0.978705,0.962377
395,1.024030599,0.984971,0.961857
396,1.020210954,0.985131,0.965615
397,1.021365635,0.983331,0.962761
398,1.021244701,0.983043,0.962593
399,1.025130152,0.988492,0.96426
400,1.023513246,0.986938,0.964265
401,1.026706851,0.987923,0.962225
402,1.026477531,0.987534,0.962061
403,1.026278593,0.986733,0.961467
404,1.02503211,0.986413,0.962324
405,1.021798441,0.986481,0.965436
406,1.021713763,0.986764,0.965793
407,1.019947649,0.982333,0.963121
408,1.021779463,0.985258,0.964257
409,1.025703965,0.98616,0.961447
410,1.023134403,0.984198,0.961944
411,1.018803513,0.980957,0.962852
412,1.015884014,0.977893,0.962603
413,1.018825051,0.979693,0.961591
414,1.022179409,0.985245,0.963867
415,1.022822522,0.98354,0.961594
416,1.01496538,0.977299,0.962889
417,1.018236897,0.985189,0.967544
418,1.020625419,0.982799,0.962938
419,1.024235141,0.984418,0.961125
420,1.025489798,0.984824,0.960345
421,1.017883994,0.97884,0.961642
422,1.020919069,0.980897,0.960798
423,1.02030125,0.984706,0.965113
424,1.023111987,0.983316,0.961103
425,1.025404573,0.984857,0.960457
426,1.021472993,0.980563,0.95995
427,1.027936357,0.987632,0.960791
428,1.02390822,0.985312,0.962305
429,1.021998209,0.984729,0.963533
430,1.024752733,0.984896,0.961106
431,1.021871417,0.981204,0.960203
432,1.023475609,0.983819,0.961253
433,1.02021063,0.979089,0.959693
434,1.016196689,0.979199,0.963592
435,1.021969194,0.982094,0.960982
436,1.025240964,0.984868,0.960621
437,1.024865005,0.981628,0.957812
438,1.020539377,0.980622,0.960886
439,1.021686097,0.981683,0.960846
440,1.014715116,0.977677,0.963499
441,1.022178867,0.983932,0.962583
442,1.023693919,0.981443,0.958727
443,1.01872891,0.979081,0.961081
444,1.025189054,0.980295,0.956209
445,1.020423757,0.980266,0.960646
446,1.021798647,0.977847,0.956986
447,1.02177786,0.980168,0.959277
448,1.018176588,0.976916,0.959476
449,1.020812064,0.978872,0.958915
450,1.020972922,0.978722,0.958617
451,1.024653556,0.980824,0.957225
452,1.022819857,0.984728,0.962758
453,1.011956486,0.973575,0.962072
454,1.020373777,0.978015,0.958487
455,1.014885942,0.974597,0.960302
456,1.012459406,0.971146,0.959195
457,1.010381916,0.965233,0.955315
458,1.008378835,0.962546,0.954548
459,1.009636852,0.964602,0.955395
460,1.014627162,0.971609,0.957602
461,1.012156187,0.971675,0.960005
462,1.018129196,0.978301,0.960881
463,1.021883629,0.981462,0.960444
464,1.02804882,0.984586,0.957723
465,1.01522022,0.974584,0.959973
466,1.022800335,0.981201,0.959328
467,1.021005112,0.976135,0.956053
468,1.017116319,0.977224,0.960779
469,1.021033905,0.976234,0.956123
470,1.01537369,0.973719,0.958976
471,1.020322215,0.975878,0.956441
472,1.017950786,0.976793,0.959568
473,1.024955413,0.981567,0.957668
474,1.023888971,0.978844,0.956006
475,1.012494069,0.968809,0.956854
476,1.015447358,0.966582,0.951878
477,1.017928577,0.97026,0.953171
478,1.020254784,0.977551,0.958144
479,1.018188617,0.972139,0.954773
480,1.021767099,0.979234,0.958373
481,1.020393442,0.97609,0.956582
482,1.019885956,0.974961,0.955951
483,1.019412605,0.977423,0.95881
484,1.020335035,0.975827,0.956379
485,1.0257136,0.979178,0.954631
486,1.016239919,0.97338,0.957825
487,1.019615455,0.977072,0.958275
488,1.008069746,0.966878,0.959138
489,1.023537139,0.975479,0.953047
490,1.018876023,0.975639,0.957564
491,1.018235047,0.976297,0.958813
492,1.013767409,0.970587,0.957406
493,1.011679484,0.965469,0.954323
494,1.010082989,0.965305,0.955669
495,1.012950093,0.966324,0.95397
496,1.020489407,0.9741,0.954542
497,1.024891349,0.980079,0.956276
498,1.019106391,0.972521,0.954288
499,1.021692829,0.976675,0.955938
500,1.018839084,0.972487,0.954505
501,1.013119417,0.965209,0.95271
502,1.014691953,0.968422,0.9544
503,1.017763787,0.966383,0.949516
504,1.005099403,0.950817,0.945993
505,0.99787079,0.938253,0.940255
506,1.005638662,0.946131,0.940826
507,1.009109326,0.953906,0.945295
508,1.010712923,0.963925,0.953708
509,1.011063518,0.965414,0.95485
510,1.009363141,0.96364,0.954701
511,1.016412934,0.966875,0.951262
512,1.021246251,0.971677,0.951462
513,1.024105353,0.975573,0.95261
514,1.019997295,0.972699,0.953629
515,1.022355816,0.975124,0.953801
516,1.016281979,0.974838,0.95922
517,1.025586585,0.976702,0.952335
518,1.026226369,0.978513,0.953506
519,1.014688718,0.969323,0.955291
520,1.012995875,0.972317,0.959843
521,1.025761046,0.979132,0.954542
522,1.033450275,0.984473,0.952608
523,1.02661416,0.981245,0.955807
524,1.020639347,0.97577,0.956038
525,1.026277103,0.980148,0.955052
526,1.022611583,0.973923,0.952388
527,1.019460421,0.973967,0.955375
528,1.017154723,0.975251,0.958803
529,1.02165856,0.976112,0.955419
530,1.024920789,0.979813,0.955989
531,1.016349732,0.973536,0.957875
532,1.023506567,0.974585,0.952202
533,1.022989557,0.973483,0.951606
534,1.023476187,0.973681,0.951347
535,1.017671882,0.970918,0.954058
536,1.019963227,0.974122,0.955056
537,1.013317324,0.97053,0.957775
538,1.019835828,0.973418,0.954485
539,1.021530341,0.975444,0.954885
540,1.017278767,0.972018,0.955508
541,1.017247477,0.972159,0.955676
542,1.018587033,0.969922,0.952223
543,1.01322447,0.967218,0.954594
544,1.015497378,0.965541,0.950806
545,1.008824874,0.95774,0.949362
546,1.004599158,0.954544,0.950174
547,1.012385335,0.963804,0.952013
548,1.023661702,0.977081,0.954496
549,1.02342462,0.975251,0.952929
550,1.019343545,0.971308,0.952876
551,1.021545466,0.972403,0.951894
552,1.016989802,0.972766,0.956515
553,1.020365121,0.973412,0.953984
554,1.022778326,0.973911,0.952221
555,1.026001115,0.976869,0.952113
556,1.021879378,0.971607,0.950804
557,1.010971606,0.965765,0.955284
558,1.016338463,0.968536,0.952966
559,1.020550626,0.972498,0.952915
560,1.027540406,0.977231,0.951039
561,1.022571191,0.97454,0.953029
562,1.021938605,0.97095,0.950106
563,1.012619423,0.96452,0.9525
564,1.022070902,0.97623,0.955149
565,1.02142587,0.972377,0.95198
566,1.022956706,0.972082,0.950267
567,1.025624965,0.977517,0.953094
568,1.037561439,0.983491,0.947887
569,1.023094928,0.975609,0.953586
570,1.01901299,0.971367,0.953243
571,1.020376116,0.971445,0.952046
572,1.017158967,0.966537,0.950232
573,1.028372001,0.975634,0.948717
574,1.0209844,0.972943,0.952946
575,1.022846703,0.973613,0.951866
576,1.022845619,0.972315,0.950598
577,1.020920265,0.973766,0.953812
578,1.021033176,0.968937,0.948977
579,1.029124741,0.977368,0.949708
580,1.024626339,0.973935,0.950527
581,1.019171498,0.968536,0.950317
582,1.010890594,0.962475,0.952106
583,1.006866465,0.95181,0.945319
584,1.009121113,0.949144,0.940565
585,1.007093735,0.952757,0.946046
586,1.010462023,0.957049,0.94714
587,1.009343595,0.960776,0.951882
588,1.013272566,0.962461,0.949854
589,1.021995912,0.966105,0.945312
590,1.023911714,0.973096,0.950371
591,1.027963318,0.972185,0.945739
592,1.015920837,0.966095,0.950955
593,1.019097686,0.969274,0.95111
594,1.029702438,0.976993,0.948811
595,1.013622418,0.963068,0.950125
596,1.01815063,0.969257,0.951978
597,1.012022275,0.959724,0.948323
598,1.015927392,0.962642,0.94755
599,1.01655128,0.96396,0.948265
600,1.02792021,0.973682,0.947235
601,1.027331178,0.971318,0.945477
602,1.019391919,0.968931,0.950499
603,1.022546497,0.97445,0.952964
604,1.028451879,0.977272,0.950236
605,1.028365193,0.976043,0.949121
606,1.011118459,0.961696,0.951121
607,1.011404442,0.958775,0.947964
608,1.01786554,0.965419,0.948474
609,1.011740779,0.957643,0.94653
610,1.012785885,0.953545,0.941507
611,1.016326345,0.962458,0.946997
612,1.021755903,0.964088,0.94356
613,1.018043623,0.963167,0.946096
614,1.028195435,0.973443,0.946749
615,1.020999127,0.971205,0.95123
616,1.018287654,0.969307,0.951899
617,1.023704262,0.972301,0.949787
618,1.022564717,0.969602,0.948206
619,1.024487449,0.972716,0.949466
620,1.01853465,0.97047,0.95281
621,1.033319175,0.977987,0.946452
622,1.022624843,0.974992,0.953421
623,1.020846329,0.970489,0.950671
624,1.02591246,0.971258,0.946726
625,1.024800503,0.97383,0.950263
626,1.0252233,0.970014,0.946149
627,1.021106281,0.968069,0.948059
628,1.022144316,0.970894,0.94986
629,1.018568624,0.968617,0.950959
630,1.023926852,0.969114,0.946468
631,1.01939649,0.968234,0.949811
632,1.016676546,0.967323,0.951456
633,1.017120346,0.967433,0.951149
634,1.02260256,0.970729,0.949273
635,1.024344677,0.978158,0.954911
636,1.021108138,0.970743,0.950676
637,1.024566354,0.973128,0.949795
638,1.023532905,0.972171,0.949819
639,1.018179784,0.964482,0.947261
640,1.013888889,0.962797,0.949608
641,1.01797889,0.965894,0.948835
642,1.017404629,0.966745,0.950207
643,1.015847605,0.962605,0.947588
644,1.014786543,0.959297,0.945319
645,1.004505634,0.949074,0.944817
646,1.013839836,0.959936,0.946832
647,1.018908821,0.961315,0.943475
648,1.018101451,0.960707,0.943626
649,1.014621362,0.960886,0.947039
650,1.024814892,0.970099,0.946609
651,1.012835619,0.961023,0.948844
652,1.005605689,0.94431,0.939046
653,0.998817013,0.92875,0.92985
654,0.993971786,0.926333,0.931951
655,0.997940735,0.93239,0.934314
656,1.010457221,0.948884,0.939064
657,1.013531567,0.955141,0.942389
658,1.016083717,0.960192,0.944993
659,1.03214537,0.971127,0.940882
660,1.029761716,0.972266,0.944166
661,1.022856298,0.968246,0.94661
662,1.023443938,0.967481,0.945319
663,1.026596997,0.972135,0.946949
664,1.031051573,0.973788,0.944461
665,1.020438183,0.964959,0.945632
666,1.024925739,0.96922,0.945649
667,1.020878976,0.965042,0.945305
668,1.015566526,0.959034,0.944334
669,1.020173983,0.962577,0.943542
670,1.016433424,0.96272,0.947155
671,1.02640583,0.97075,0.945776
672,1.016978392,0.96089,0.944848
673,1.018801703,0.964306,0.94651
674,1.020452966,0.960334,0.941086
675,1.02675363,0.966898,0.941704
676,1.021233854,0.964874,0.944812
677,1.018603245,0.967121,0.949458
678,1.027683894,0.969963,0.943834
679,1.021251212,0.965592,0.945499
680,1.022919556,0.969784,0.948055
681,1.017518398,0.964698,0.948089
682,1.014930797,0.957981,0.943888
683,1.018251677,0.957236,0.940078
684,1.012109913,0.951691,0.940304
685,1.009689494,0.949512,0.9404
686,1.016849476,0.956351,0.940504
687,1.018132404,0.962016,0.944883
688,1.021217037,0.9675,0.947399
689,1.028118498,0.972889,0.946281
690,1.019738441,0.965005,0.946326
691,1.020828053,0.966667,0.946944
692,1.022855613,0.966708,0.945107
693,1.020665283,0.966964,0.947386
694,1.023053253,0.965484,0.943728
695,1.014601465,0.959675,0.945864
696,1.015064223,0.958987,0.944755
697,1.020844091,0.960845,0.941226
698,1.02075097,0.963839,0.944245
699,1.019317725,0.963928,0.94566
700,1.014558208,0.960116,0.946339
701,1.019801005,0.962839,0.944144
702,1.019367534,0.95418,0.936051
703,1.014809935,0.953624,0.939707
704,1.017480031,0.951412,0.935067
705,1.023702716,0.960961,0.938711
706,1.014501216,0.953831,0.940197
707,1.014781074,0.956626,0.942692
708,1.025013856,0.965356,0.941798
709,1.021065888,0.96567,0.945747
710,1.023734001,0.967272,0.944847
711,1.017893591,0.963477,0.94654
712,1.017292517,0.963787,0.947404
713,1.025887938,0.969896,0.945421
714,1.032495308,0.972052,0.941459
715,1.024946547,0.968801,0.945221
716,1.026079745,0.967546,0.942954
717,1.020587374,0.961626,0.942228
718,1.020353029,0.956683,0.9376
719,1.014118549,0.954964,0.941669
720,1.016801034,0.953858,0.938097
721,1.01440768,0.951838,0.938319
722,1.017754678,0.954603,0.93795
723,1.019454165,0.959025,0.940724
724,1.02448565,0.962242,0.939244
725,1.025094991,0.961249,0.937717
726,1.02019751,0.959609,0.940611
727,1.018996329,0.95949,0.941603
728,1.026473861,0.969444,0.944441
729,1.021343876,0.966703,0.946501
730,1.023547989,0.966477,0.944242
731,1.023563915,0.966751,0.944495
732,1.01730967,0.961614,0.945252
733,1.015511134,0.95874,0.944096
734,1.01339868,0.957983,0.945317
735,1.022043984,0.962699,0.941935
736,1.021287413,0.958179,0.938207
737,1.024562619,0.964346,0.941227
738,1.019927277,0.96351,0.944685
739,1.023393411,0.962567,0.940564
740,1.025827645,0.964636,0.940349
741,1.02177225,0.965773,0.945194
742,1.020182365,0.963095,0.944042
743,1.030929981,0.970768,0.941643
744,1.031611056,0.971627,0.941854
745,1.029095628,0.967566,0.94021
746,1.023200641,0.965222,0.943336
747,1.021942654,0.961786,0.941135
748,1.018365285,0.962788,0.945425
749,1.014472769,0.957151,0.943496
750,1.027901735,0.965836,0.939619
751,1.022181293,0.963458,0.942551
752,1.017262775,0.96318,0.946835
753,1.028013215,0.968372,0.941984
754,1.028429868,0.967481,0.940736
755,1.029972966,0.968876,0.940681
756,1.030126069,0.969669,0.941311
757,1.019566738,0.963461,0.944971
758,1.032915927,0.968808,0.937935
759,1.037051874,0.975955,0.941086
760,1.028456264,0.968813,0.942007
761,1.022338736,0.968302,0.947144
762,1.023732786,0.966242,0.943842
763,1.026639133,0.964972,0.939933
764,1.025371917,0.966533,0.942617
765,1.01921512,0.964416,0.946234
766,1.015396539,0.960293,0.945732
767,1.01978736,0.962047,0.94338
768,1.02210595,0.963064,0.942235
769,1.026178851,0.965505,0.940874
770,1.018750915,0.960676,0.942994
771,1.018294558,0.960376,0.943122
772,1.025665482,0.963504,0.939394
773,1.022367646,0.963147,0.942075
774,1.022487973,0.959834,0.938724
775,1.024500135,0.962983,0.939954
776,1.01673666,0.953882,0.93818
777,1.024272239,0.9586,0.935884
778,1.022999706,0.961632,0.940012
779,1.026231562,0.966392,0.94169
780,1.028569817,0.966473,0.939628
781,1.016685128,0.957328,0.941617
782,1.0263194,0.965004,0.940257
783,1.021139874,0.961877,0.941964
784,1.028903589,0.961852,0.934832
785,1.02917394,0.965148,0.937789
786,1.028218588,0.963739,0.93729
787,1.025969152,0.965043,0.940616
788,1.016638604,0.956417,0.940764
789,1.015700681,0.956658,0.94187
790,1.024445887,0.962764,0.93979
791,1.027581952,0.964361,0.938476
792,1.021644897,0.961847,0.941469
793,1.024796647,0.964307,0.940974
794,1.027205155,0.961161,0.935705
795,1.021899395,0.960332,0.939752
796,1.017231065,0.957366,0.941149
797,1.017770939,0.957811,0.941087
798,1.014647012,0.952508,0.938758
799,1.014250696,0.949577,0.936235
800,1.023712543,0.958068,0.935876
801,1.006538613,0.938096,0.932002
802,1.00926147,0.942518,0.933869
803,1.012051492,0.942393,0.931171
804,1.010594761,0.941081,0.931215
805,0.999403297,0.921181,0.921731
806,0.98644972,0.889024,0.901236
807,0.960266883,0.8503,0.885483
808,0.937350453,0.823842,0.878905
809,0.949852146,0.837724,0.881952
810,0.969641736,0.870843,0.898108
811,0.982614253,0.899377,0.91529
812,0.993829698,0.923556,0.92929
813,1.015936788,0.940919,0.926159
814,1.010284888,0.937311,0.927769
815,1.015027842,0.944591,0.930606
816,1.012709094,0.947839,0.935944
817,1.0193194,0.952133,0.934087
818,1.0192023,0.95422,0.936242
819,1.027628019,0.962573,0.936694
820,1.020938798,0.956539,0.936921
821,1.024522385,0.957618,0.934697
822,1.03153947,0.964051,0.934575
823,1.025049952,0.961912,0.938405
824,1.021280606,0.959055,0.939071
825,1.03079627,0.963041,0.934269
826,1.022733739,0.956119,0.934866
827,1.026151917,0.963178,0.938631
828,1.027387646,0.963179,0.937503
829,1.025613525,0.963928,0.939855
830,1.025326177,0.96528,0.941437
831,1.026064674,0.963013,0.93855
832,1.029960915,0.964201,0.936153
833,1.032693912,0.966712,0.936107
834,1.03038654,0.968009,0.939462
835,1.031531628,0.963989,0.934522
836,1.026861685,0.964142,0.938921
837,1.025112353,0.960764,0.937228
838,1.025837394,0.965512,0.941194
839,1.02021022,0.957705,0.938733
840,1.025581648,0.962373,0.938368
841,1.029377197,0.962549,0.935079
842,1.031750813,0.965824,0.936102
843,1.031627464,0.96468,0.935105
844,1.02217634,0.955003,0.934284
845,1.029253132,0.960076,0.932789
846,1.019317515,0.957448,0.939303
847,1.027433246,0.962145,0.936455
848,1.034394604,0.964604,0.93253
849,1.026528672,0.961998,0.937137
850,1.025701938,0.962411,0.938295
851,1.024278298,0.960054,0.937298
852,1.028378501,0.962516,0.935955
853,1.032662865,0.965199,0.93467
854,1.027482431,0.963946,0.938163
855,1.021310617,0.957445,0.937467
856,1.026433565,0.964632,0.93979
857,1.03678172,0.97007,0.935655
858,1.029186682,0.963046,0.935735
859,1.030072859,0.96123,0.933167
860,1.026705217,0.961262,0.936259
861,1.026018118,0.960118,0.935771
862,1.02422289,0.961902,0.939153
863,1.028095073,0.962334,0.936036
864,1.03390141,0.965148,0.933501
865,1.029820495,0.962842,0.934961
866,1.039663564,0.967487,0.930577
867,1.020817926,0.951044,0.931649
868,1.02050612,0.954411,0.935233
869,1.02389781,0.952655,0.93042
870,1.015998302,0.9479,0.932974
871,1.029981483,0.959505,0.931575
872,1.025548174,0.955534,0.93173
873,1.022261293,0.954698,0.933908
874,1.02536274,0.961578,0.937793
875,1.027463444,0.96018,0.934515
876,1.035193391,0.963646,0.930885
877,1.025179228,0.956809,0.933309
878,1.024220049,0.953766,0.931212
879,1.036414292,0.964227,0.930349
880,1.019818467,0.953568,0.935037
881,1.030374484,0.963531,0.935127
882,1.026902449,0.960429,0.935268
883,1.026652505,0.955949,0.931132
884,1.026707957,0.957168,0.932269
885,1.020741984,0.95352,0.934144
886,1.028939932,0.958687,0.931723
887,1.021345038,0.951244,0.931364
888,1.017111265,0.945053,0.929154
889,1.017646345,0.947328,0.930901
890,1.022064381,0.947978,0.927513
891,1.029269208,0.954113,0.926981
892,1.021843802,0.953321,0.932942
893,1.019214269,0.947908,0.930038
894,1.014947966,0.943385,0.929491
895,1.021297474,0.948145,0.928373
896,1.01495703,0.950354,0.936349
897,1.013483836,0.940964,0.928445
898,1.020462656,0.945875,0.926908
899,1.01791499,0.943937,0.927324
900,1.029387084,0.954388,0.927142
901,1.02612381,0.955625,0.931296
902,1.029497838,0.95862,0.931153
903,1.01673032,0.951989,0.936324
904,1.02444863,0.957337,0.93449
905,1.027335069,0.957428,0.931953
906,1.025128988,0.955289,0.931872
907,1.030502199,0.956879,0.928556
908,1.031614792,0.958235,0.928869
909,1.028101749,0.954941,0.928839
910,1.025377176,0.954216,0.9306
911,1.026653583,0.954178,0.929406
912,1.022959595,0.951289,0.929938
913,1.027099362,0.952117,0.926996
914,1.023976121,0.951965,0.929675
915,1.025283843,0.95388,0.930357
916,1.022873208,0.946707,0.925537
917,1.010323825,0.936552,0.926982
918,1.015186035,0.94332,0.929209
919,1.020897773,0.949243,0.929812
920,1.033500417,0.959786,0.928675
921,1.027113726,0.952232,0.927095
922,1.021038594,0.949377,0.929815
923,1.029425376,0.956505,0.929164
924,1.030671636,0.961192,0.932588
925,1.016732388,0.948592,0.932981
926,1.021500981,0.949525,0.929539
927,1.025548828,0.95547,0.931667
928,1.023080442,0.95267,0.931178
929,1.017884492,0.947055,0.930415
930,1.033185322,0.956555,0.925831
931,1.034352306,0.959128,0.927274
932,1.034926769,0.963611,0.931091
933,1.018073437,0.950791,0.933912
934,1.029510299,0.956936,0.929506
935,1.026018168,0.954201,0.930004
936,1.031768097,0.958949,0.929423
937,1.022625945,0.946607,0.925663
938,1.026106403,0.9498,0.925635
939,1.024010543,0.948713,0.926468
940,1.017193504,0.946584,0.930584
941,1.022389025,0.948548,0.927776
942,1.02473476,0.944994,0.922184
943,1.016206171,0.941075,0.926067
944,1.018884444,0.943811,0.926318
945,1.022265674,0.94524,0.924652
946,1.020097224,0.941157,0.922615
947,1.015657411,0.939606,0.925121
948,1.007176919,0.925092,0.9185
949,1.006828367,0.914177,0.907977
950,0.982051916,0.89379,0.910125
951,0.983527003,0.88973,0.904632
952,0.999900248,0.902145,0.902235
953,1.000327643,0.912879,0.91258
954,1.011775219,0.925059,0.914293
955,1.00767716,0.929821,0.922737
956,1.014366179,0.934496,0.921261
957,1.015001398,0.936556,0.922714
958,1.022023233,0.940244,0.919983
959,1.010677404,0.936713,0.926817
960,1.019637067,0.942734,0.924578
961,1.022380877,0.947561,0.926818
962,1.021515335,0.946341,0.926409
963,1.022753411,0.947984,0.926894
964,1.028181983,0.951348,0.925272
965,1.031779478,0.953876,0.924496
966,1.030780637,0.949551,0.921196
967,1.021143279,0.948154,0.928522
968,1.031555322,0.950015,0.920954
969,1.028050388,0.950851,0.924907
970,1.034465068,0.94772,0.916145
971,1.022691592,0.945867,0.92488
972,1.025212049,0.947136,0.923844
973,1.02847827,0.950389,0.924073
974,1.031298547,0.951969,0.923078
975,1.022955412,0.948651,0.927363
976,1.022958491,0.949997,0.928676
977,1.021965586,0.948195,0.927815
978,1.021495337,0.949674,0.92969
979,1.02858603,0.95403,0.927516
980,1.023950367,0.950656,0.92842
981,1.026211913,0.948658,0.924427
982,1.024421592,0.947675,0.925083
983,1.026006798,0.9494,0.925335
984,1.031948482,0.955704,0.926116
985,1.028769583,0.955729,0.929002
986,1.025722665,0.947778,0.92401
987,1.029829779,0.947119,0.919685
988,1.029061971,0.950844,0.923991
989,1.021187325,0.944344,0.924751
990,1.01328209,0.939122,0.926812
991,1.017477568,0.93437,0.91832
992,1.009278958,0.926509,0.917991
993,1.017585111,0.930895,0.914808
994,1.013457532,0.933064,0.920674
995,1.014228588,0.935136,0.922017
996,1.020630393,0.941406,0.922377
997,1.024670853,0.943894,0.921168
998,1.019645244,0.939754,0.921648
999,1.022430197,0.940509,0.919876
1000,1.018589317,0.938901,0.921766
1001,1.019074544,0.942967,0.925317
1002,1.022444521,0.941243,0.920581
1003,1.020902434,0.937851,0.918649
1004,1.019598997,0.94016,0.922088
1005,1.00941981,0.927892,0.919233
1006,1.015448927,0.926719,0.91262
1007,1.008863723,0.922051,0.91395
1008,1.010794938,0.919412,0.909593
1009,1.013225211,0.922116,0.91008
1010,1.012572216,0.924363,0.912886
1011,1.014264004,0.927016,0.913979
1012,1.012242883,0.926844,0.915634
1013,1.005291513,0.921412,0.916562
1014,1.007445498,0.918074,0.911289
1015,1.007346546,0.918419,0.911721
1016,1.014485586,0.921019,0.907868
1017,1.011383662,0.922302,0.911921
1018,1.020320931,0.931904,0.913344
1019,1.01233915,0.930284,0.918945
1020,1.016002868,0.93246,0.917773
1021,1.020664042,0.935508,0.916568
1022,1.022962266,0.94236,0.921207
1023,1.023772387,0.941242,0.919386
1024,1.027189305,0.939039,0.914183
1025,1.021170044,0.941047,0.921538
1026,1.021377442,0.938461,0.918819
1027,1.025333929,0.938118,0.914939
1028,1.024212826,0.946472,0.924097
1029,1.030223852,0.943922,0.91623
1030,1.017521294,0.935853,0.919738
1031,1.030900387,0.942845,0.914584
1032,1.023925805,0.938428,0.9165
1033,1.022388516,0.935874,0.91538
1034,1.016198762,0.935288,0.920379
1035,1.021668264,0.940227,0.920286
1036,1.016442242,0.933899,0.918792
1037,1.02172208,0.93663,0.916717
1038,1.016502159,0.929331,0.914244
1039,1.003537535,0.915444,0.912217
1040,0.999475533,0.89949,0.899962
1041,0.988185623,0.884019,0.894588
1042,0.970124037,0.869333,0.896105
1043,0.975126128,0.873243,0.895518
1044,0.98562325,0.881297,0.894152
1045,0.98703147,0.893985,0.905731
1046,1.003235173,0.90767,0.904743
1047,1.008011006,0.919553,0.912245
1048,1.015274616,0.930221,0.916226
1049,1.018933741,0.932681,0.91535
1050,1.025824866,0.940586,0.916907
1051,1.017314643,0.929145,0.913331
1052,1.014916245,0.935972,0.922216
1053,1.02102677,0.937129,0.91783
1054,1.025305065,0.937703,0.91456
1055,1.030373717,0.943506,0.915693
1056,1.019847795,0.934716,0.916525
1057,1.023612054,0.939595,0.917921
1058,1.022734857,0.937764,0.916918
1059,1.017649719,0.938386,0.922111
1060,1.011143087,0.928288,0.918058
1061,1.007428697,0.922576,0.915773
1062,1.008159772,0.925902,0.918408
1063,1.005793552,0.918374,0.913084
1064,1.013488516,0.925389,0.913073
1065,1.010779641,0.924641,0.91478
1066,1.009669597,0.928893,0.919997
1067,1.019102482,0.932491,0.915012
1068,1.015761779,0.933738,0.919249
1069,1.022986759,0.935949,0.914918
1070,1.023453494,0.937335,0.915855
1071,1.017567197,0.934029,0.917904
1072,1.019442155,0.932445,0.914662
1073,1.020544554,0.931649,0.912894
1074,1.012739763,0.929369,0.917678
1075,1.022686542,0.933586,0.912876
1076,1.012532719,0.932249,0.92071
1077,1.019444882,0.931006,0.913248
1078,1.022171068,0.936046,0.915743
1079,1.022595211,0.934832,0.914176
1080,1.022662563,0.941411,0.920549
1081,1.024945179,0.939023,0.916169
1082,1.014162028,0.932165,0.919148
1083,1.017296326,0.935288,0.919386
1084,1.017011282,0.933595,0.917979
1085,1.019003484,0.936936,0.919463
1086,1.022546922,0.940282,0.919549
1087,1.02534406,0.939411,0.916191
1088,1.016769792,0.933536,0.918139
1089,1.018106481,0.936885,0.920223
1090,1.016913123,0.933331,0.917808
1091,1.019410704,0.930986,0.913259
1092,1.014247554,0.929495,0.916438
1093,1.010309244,0.920909,0.911512
1094,1.001754872,0.907068,0.905479
1095,0.989831082,0.895323,0.904521
1096,0.990348525,0.888407,0.897065
1097,0.993993418,0.886498,0.891855
1098,0.98925216,0.884247,0.893854
1099,0.993097765,0.889326,0.895507
1100,0.998690369,0.895262,0.896436
1101,0.995842823,0.898065,0.901814
1102,1.007851005,0.910801,0.903706
1103,1.00660783,0.91051,0.904533
1104,1.020658637,0.925422,0.906691
1105,1.007009189,0.914315,0.907951
1106,1.015966215,0.925722,0.911174
1107,1.011723385,0.923492,0.912791
1108,1.022426734,0.932992,0.912527
1109,1.019247654,0.929879,0.912319
1110,1.019006415,0.930575,0.913218
1111,1.02334866,0.934303,0.912986
1112,1.025732276,0.934717,0.911268
1113,1.021870868,0.934365,0.914367
1114,1.02017521,0.933596,0.915133
1115,1.024883107,0.936613,0.913873
1116,1.023856961,0.933219,0.911474
1117,1.025812301,0.933402,0.909915
1118,1.026737845,0.937809,0.913387
1119,1.025262251,0.937589,0.914487
1120,1.022878078,0.934483,0.913582
1121,1.022925749,0.931334,0.910461
1122,1.02029192,0.936478,0.917853
1123,1.029575455,0.942356,0.915286
1124,1.025863524,0.936082,0.912482
1125,1.028198621,0.937165,0.911463
1126,1.021277014,0.93603,0.916529
1127,1.018396363,0.935117,0.918225
1128,1.019559322,0.932387,0.9145
1129,1.012428382,0.924175,0.91283
1130,1.027399763,0.933667,0.908767
1131,1.022140687,0.931855,0.91167
1132,1.032515217,0.939943,0.910343
1133,1.025478133,0.936079,0.912822
1134,1.027571691,0.935864,0.910753
1135,1.023390645,0.932358,0.911048
1136,1.020176327,0.933697,0.915231
1137,1.025961869,0.938158,0.914418
1138,1.026843212,0.93759,0.91308
1139,1.020551302,0.930952,0.912205
1140,1.025067823,0.937444,0.914519
1141,1.021289806,0.931018,0.91161
1142,1.03027344,0.939018,0.911426
1143,1.02660253,0.937554,0.913259
1144,1.024485335,0.936522,0.914139
1145,1.023477084,0.93284,0.911442
1146,1.019597517,0.927379,0.909554
1147,1.016430409,0.927199,0.912211
1148,1.021589892,0.933347,0.913622
1149,1.024920556,0.934047,0.911336
1150,1.033092032,0.93547,0.905505
1151,1.029524346,0.932224,0.90549
1152,1.037166004,0.941224,0.907496
1153,1.019384008,0.93298,0.915239
1154,1.024839446,0.934011,0.911373
1155,1.01956135,0.930051,0.912207
1156,1.025716034,0.936888,0.913399
1157,1.022089571,0.935399,0.915183
1158,1.025626491,0.933596,0.910269
1159,1.0246183,0.932209,0.909811
1160,1.022018328,0.930655,0.910605
1161,1.008664658,0.921978,0.914058
1162,1.02148747,0.927481,0.907971
1163,1.014679731,0.924357,0.910984
1164,1.028951369,0.931308,0.905104
1165,1.016118202,0.921543,0.906925
1166,1.028036526,0.929931,0.90457
1167,1.023643282,0.927299,0.905881
1168,1.025437622,0.931365,0.908261
1169,1.020030679,0.922987,0.904862
1170,1.018486181,0.923879,0.90711
1171,1.01426759,0.923374,0.910385
1172,1.022520394,0.928198,0.907755
1173,1.022791617,0.932429,0.911651
1174,1.018461018,0.926605,0.909809
1175,1.030544565,0.936596,0.908836
1176,1.018773168,0.926455,0.909383
1177,1.032531032,0.936136,0.906642
1178,1.031405372,0.933098,0.904686
1179,1.024363754,0.929017,0.906921
1180,1.022703169,0.932467,0.911767
1181,1.025865522,0.927048,0.903674
1182,1.022323545,0.927364,0.907114
1183,1.026193508,0.931521,0.907744
1184,1.02094076,0.930563,0.911476
1185,1.02712566,0.932437,0.907812
1186,1.02544113,0.93785,0.914582
1187,1.023851873,0.930795,0.909111
1188,1.024112016,0.930713,0.9088
1189,1.021304301,0.930206,0.910802
1190,1.021844727,0.92877,0.908915
1191,1.017192724,0.924203,0.908582
1192,1.01798193,0.92503,0.90869
1193,1.017793312,0.925396,0.909218
1194,1.008363149,0.915384,0.907792
1195,1.01563199,0.917201,0.903084
1196,1.019669565,0.920937,0.903172
1197,1.007458956,0.908866,0.902137
1198,1.002481665,0.903648,0.901411
1199,1.009654133,0.902966,0.894332
1200,1.003853216,0.904277,0.900806
1201,1.016363661,0.913032,0.898332
1202,1.01399677,0.913677,0.901065
1203,1.011779069,0.911618,0.901005
1204,1.018780461,0.923932,0.9069
1205,1.016589606,0.919487,0.904482
1206,1.018351277,0.922612,0.905986
1207,1.017876614,0.921387,0.905205
1208,1.02529783,0.927427,0.904544
1209,1.019049225,0.924457,0.907176
1210,1.027079577,0.929165,0.904667
1211,1.022762871,0.926571,0.905949
1212,1.02576168,0.928421,0.905104
1213,1.025886168,0.930647,0.907164
1214,1.028719525,0.9312,0.905203
1215,1.017971866,0.925199,0.908865
1216,1.026056228,0.928861,0.905273
1217,1.014741115,0.922904,0.909497
1218,1.026494966,0.932312,0.908248
1219,1.015730854,0.92657,0.91222
1220,1.006602696,0.918836,0.912809
1221,1.024089746,0.927302,0.905489
1222,1.020724965,0.924244,0.905478
1223,1.020922324,0.923754,0.904823
1224,1.016440108,0.923384,0.908449
1225,1.012944862,0.91569,0.903988
1226,1.009777878,0.913438,0.904593
1227,1.016207559,0.920054,0.90538
1228,1.01299411,0.913901,0.902178
1229,1.012018989,0.916451,0.905567
1230,1.01460622,0.913243,0.900096
1231,1.020403276,0.920466,0.902061
1232,1.017834199,0.919716,0.903601
1233,1.011779366,0.918295,0.907604
1234,1.008029466,0.913815,0.906536
1235,1.008758463,0.912649,0.904725
1236,1.012186881,0.910703,0.899738
1237,1.018068299,0.916066,0.899808
1238,1.009428497,0.907774,0.899295
1239,1.013348797,0.913083,0.901055
1240,1.014756285,0.912204,0.898939
1241,1.020491196,0.915749,0.897361
1242,1.012628975,0.912723,0.90134
1243,1.012391056,0.914179,0.90299
1244,1.020308011,0.920829,0.902501
1245,1.022500916,0.920486,0.90023
1246,1.018736768,0.920501,0.903571
1247,1.024850404,0.926227,0.903768
1248,1.021760845,0.919596,0.900011
1249,1.025662547,0.927481,0.904275
1250,1.027169058,0.926677,0.902166
1251,1.019050042,0.921155,0.903935
1252,1.014226982,0.92141,0.908485
1253,1.012705499,0.922279,0.910708
1254,1.014963186,0.922633,0.909031
1255,1.024162583,0.925293,0.903463
1256,1.020686048,0.920964,0.902299
1257,1.017503841,0.920668,0.90483
1258,1.02089617,0.918291,0.899495
1259,1.015209984,0.912355,0.898686
1260,1.017918314,0.908089,0.892104
1261,1.005816438,0.896624,0.891439
1262,0.982637632,0.871689,0.887091
1263,0.972744883,0.857675,0.881706
1264,0.955660698,0.826916,0.865282
1265,0.945410676,0.805592,0.852108
1266,0.921747696,0.77666,0.842595
1267,0.910255607,0.755818,0.830336
1268,0.910995156,0.755614,0.829438
1269,0.914065283,0.764537,0.836414
1270,0.935718706,0.784835,0.838751
1271,0.950557991,0.809691,0.851806
1272,0.963602328,0.830313,0.861676
1273,0.97546361,0.849462,0.870829
1274,0.980016236,0.863164,0.880765
1275,0.999850782,0.877779,0.87791
1276,1.003248778,0.887823,0.884948
1277,1.008765121,0.894123,0.886354
1278,1.015495856,0.901084,0.887334
1279,1.014591032,0.908478,0.895413
1280,1.011915082,0.905834,0.895168
1281,1.022799805,0.91658,0.896148
1282,1.020361581,0.912391,0.894184
1283,1.0101395,0.906879,0.897776
1284,1.012805374,0.910035,0.898529
1285,1.018072564,0.915065,0.898821
1286,1.009972299,0.9115,0.9025
1287,1.017747999,0.913668,0.897735
1288,1.024678928,0.918971,0.896838
1289,1.021296143,0.91823,0.899083
1290,1.025488023,0.922528,0.899599
1291,1.02065902,0.921601,0.902947
1292,1.025906107,0.921791,0.898514
1293,1.01261428,0.913773,0.90239
1294,1.018285408,0.915796,0.899351
1295,1.023722794,0.918998,0.897702
1296,1.016517097,0.916934,0.902035
1297,1.015308716,0.912727,0.898965
1298,1.013527427,0.91055,0.898397
1299,1.016010442,0.916161,0.901724
1300,1.01821728,0.914129,0.897774
1301,1.013176003,0.914365,0.902474
1302,1.022290812,0.919432,0.899384
1303,1.016098303,0.915721,0.901213
1304,1.026360578,0.921446,0.89778
1305,1.023180298,0.923234,0.902318
1306,1.016988574,0.919976,0.904608
1307,1.025916418,0.922344,0.899044
1308,1.028809458,0.926803,0.90085
1309,1.024402096,0.917055,0.89521
1310,1.024915349,0.917454,0.895151
1311,1.021731091,0.917255,0.897746
1312,1.031774286,0.921068,0.892703
1313,1.022119351,0.920951,0.901021
1314,1.031158133,0.928826,0.90076
1315,1.019734601,0.918839,0.901057
1316,1.029538096,0.926644,0.900058
1317,1.02927387,0.921829,0.895611
1318,1.022107072,0.916227,0.89641
1319,1.0164889,0.915086,0.900242
1320,1.024268212,0.915705,0.894009
1321,1.006484444,0.907233,0.901388
1322,1.020913951,0.918112,0.899304
1323,1.020171968,0.916902,0.898772
1324,1.025143571,0.916994,0.894503
1325,1.02640425,0.913275,0.889781
1326,1.01886875,0.908025,0.891209
1327,1.007703269,0.89883,0.891959
1328,0.998591406,0.891122,0.892379
1329,0.994580362,0.880868,0.885668
1330,0.982172744,0.863817,0.879496
1331,0.979974356,0.858288,0.875827
1332,0.98146514,0.853063,0.869173
1333,0.984139032,0.854461,0.868232
1334,0.977806545,0.854291,0.873681
1335,0.98278581,0.865623,0.880785
1336,0.977019461,0.861313,0.881572
1337,1.000027364,0.8771,0.877076
1338,1.003272242,0.88485,0.881964
1339,0.993597946,0.88138,0.887059
1340,0.996769512,0.884615,0.887482
1341,1.006748263,0.891388,0.885413
1342,1.002960962,0.883064,0.880457
1343,0.996288899,0.878407,0.881679
1344,0.992852228,0.875788,0.882093
1345,0.998604753,0.883197,0.884431
1346,0.994491784,0.878361,0.883226
1347,0.990514596,0.878111,0.88652
1348,0.994521299,0.888565,0.89346
1349,1.00194848,0.895258,0.893517
1350,1.011833567,0.898576,0.888067
1351,1.01708269,0.905585,0.890375
1352,1.022214662,0.910413,0.890628
1353,1.013562524,0.902396,0.890321
1354,1.026172996,0.909649,0.886448
1355,1.023910469,0.914821,0.893458
1356,1.026238398,0.912876,0.889536
1357,1.028636493,0.919205,0.893615
1358,1.024678155,0.917878,0.895772
1359,1.017472395,0.910941,0.895298
1360,1.028163015,0.917216,0.892092
1361,1.02673605,0.915904,0.892054
1362,1.025706362,0.919396,0.896354
1363,1.018709586,0.912013,0.895263
1364,1.024355933,0.915303,0.89354
1365,1.028782026,0.917832,0.892154
1366,1.026378239,0.916915,0.89335
1367,1.021583636,0.912218,0.892945
1368,1.024833949,0.914817,0.892649
1369,1.021750107,0.914638,0.895168
1370,1.028726273,0.916627,0.891031
1371,1.030541161,0.921783,0.894465
1372,1.028856456,0.915103,0.889437
1373,1.028752154,0.916791,0.891168
1374,1.029087147,0.919158,0.893178
1375,1.01599926,0.911457,0.897104
1376,1.021754964,0.914673,0.895198
1377,1.02296321,0.911985,0.891513
1378,1.022669256,0.913801,0.893545
1379,1.021168671,0.914382,0.895427
1380,1.026916728,0.915677,0.891676
1381,1.025716937,0.913962,0.891047
1382,1.025989875,0.913842,0.890693
1383,1.02587354,0.915111,0.892031
1384,1.022683541,0.914681,0.894393
1385,1.023184522,0.914861,0.894131
1386,1.022293859,0.914265,0.894327
1387,1.020994808,0.912217,0.893459
1388,1.022234616,0.910947,0.891133
1389,1.029499303,0.913519,0.887343
1390,1.023794487,0.914314,0.893064
1391,1.021471433,0.911223,0.892069
1392,1.025456909,0.913557,0.890878
1393,1.024714803,0.90975,0.887808
1394,1.032707101,0.912216,0.883325
1395,1.020909386,0.907225,0.888644
1396,1.023656719,0.910601,0.889557
1397,1.02222911,0.906983,0.88726
1398,1.013304774,0.903574,0.89171
1399,1.017285738,0.909015,0.893569
1400,1.026230184,0.910768,0.887489
1401,1.025726399,0.908491,0.885705
1402,1.036987604,0.920677,0.887838
1403,1.023110717,0.91174,0.891145
1404,1.022039361,0.907805,0.888229
1405,1.030367686,0.915119,0.888148
1406,1.01798268,0.906764,0.890746
1407,1.010808043,0.905964,0.896277
1408,1.01587762,0.907069,0.892892
1409,1.027104745,0.913319,0.889217
1410,1.026941832,0.916104,0.89207
1411,1.01950419,0.904498,0.887194
1412,1.026069304,0.914828,0.891585
1413,1.023697416,0.913134,0.891996
1414,1.032653984,0.918523,0.889478
1415,1.02575327,0.913621,0.890683
1416,1.033336001,0.916847,0.887269
1417,1.035114688,0.917801,0.886666
1418,1.025804941,0.911122,0.888202
1419,1.028985556,0.914159,0.888408
1420,1.032112939,0.917889,0.88933
1421,1.025737215,0.912981,0.890073
1422,1.02489011,0.914697,0.892483
1423,1.031940307,0.913197,0.884932
1424,1.027594673,0.909932,0.885497
1425,1.025454378,0.913001,0.890338
1426,1.0258505,0.908128,0.885244
1427,1.025194059,0.909057,0.886717
1428,1.025331848,0.911479,0.88896
1429,1.028086066,0.914389,0.889409
1430,1.025173687,0.911037,0.888666
1431,1.025918756,0.910507,0.887504
1432,1.020740378,0.904328,0.885953
1433,1.018886269,0.905418,0.888635
1434,1.026763367,0.913574,0.889761
1435,1.025212027,0.913264,0.890805
1436,1.021464474,0.904945,0.885929
1437,1.022545769,0.907674,0.887661
1438,1.016767121,0.902513,0.88763
1439,1.031271203,0.911949,0.884296
1440,1.02673504,0.909409,0.885729
1441,1.019946695,0.908491,0.890724
1442,1.030955313,0.913213,0.885793
1443,1.022380618,0.908377,0.888492
1444,1.022398061,0.901751,0.881996
1445,1.02872986,0.905523,0.880234
1446,1.026048388,0.906366,0.883356
1447,1.01911263,0.899799,0.882924
1448,1.00609986,0.896769,0.891332
1449,1.016011571,0.896363,0.882237
1450,1.023854812,0.897849,0.87693
1451,1.020025928,0.893812,0.876264
1452,1.021022509,0.896615,0.878154
1453,1.020896259,0.894006,0.875707
1454,1.017559679,0.889222,0.873877
1455,1.014321862,0.891524,0.878936
1456,1.013958416,0.894869,0.88255
1457,1.018498701,0.901297,0.884927
1458,1.013981809,0.895423,0.883076
1459,1.017940634,0.896993,0.881184
1460,1.0188915,0.896974,0.880343
1461,1.015819539,0.896413,0.882453
1462,1.021452183,0.899215,0.88033
1463,1.024006242,0.902896,0.881729
1464,1.022912614,0.901364,0.881174
1465,1.021332452,0.902193,0.883349
1466,1.020856421,0.904587,0.886106
1467,1.023020213,0.902667,0.882355
1468,1.031117072,0.906355,0.879003
1469,1.022498244,0.900914,0.881091
1470,1.021323651,0.904665,0.885777
1471,1.031629211,0.91042,0.882507
1472,1.026314565,0.904529,0.881337
1473,1.022222901,0.903459,0.883818
1474,1.028187104,0.911821,0.886824
1475,1.022737054,0.905424,0.885295
1476,1.023612516,0.901472,0.880677
1477,1.01995271,0.901117,0.883489
1478,1.018253242,0.899195,0.883076
1479,1.024109355,0.902863,0.881608
1480,1.032582404,0.906311,0.877713
1481,1.024001488,0.903028,0.881862
1482,1.026872459,0.903695,0.880046
1483,1.023227183,0.904276,0.883749
1484,1.020405872,0.899949,0.881952
1485,1.033082476,0.907377,0.87832
1486,1.021450933,0.901171,0.882246
1487,1.018909051,0.902192,0.885449
1488,1.028764757,0.902345,0.877115
1489,1.034594415,0.905177,0.87491
1490,1.032069219,0.908095,0.879878
1491,1.020158713,0.898718,0.880959
1492,1.02109879,0.899538,0.880951
1493,1.02476962,0.9022,0.880393
1494,1.027211524,0.906621,0.882604
1495,1.031037902,0.906604,0.879312
1496,1.024792053,0.900742,0.878951
1497,1.02201729,0.896348,0.877038
1498,1.017726087,0.894568,0.878987
1499,1.017794398,0.892452,0.876849
1500,1.011350136,0.890423,0.88043
1501,1.018477693,0.890232,0.874081
1502,1.011353111,0.886629,0.876676
1503,1.00735481,0.879866,0.873442
1504,1.00685643,0.878154,0.872174
1505,0.996553339,0.867986,0.870988
1506,1.004217559,0.874556,0.870883
1507,1.009417209,0.876481,0.868304
1508,1.011334637,0.875031,0.865224
1509,1.005345922,0.875036,0.870383
1510,1.005403608,0.873931,0.869234
1511,1.016531795,0.881329,0.866996
1512,1.013903382,0.878381,0.866336
1513,1.011569713,0.878435,0.868388
1514,1.008598968,0.880636,0.873128
1515,1.01712335,0.888205,0.873252
1516,1.01777396,0.8851,0.869643
1517,1.02102037,0.890147,0.871821
1518,1.014007734,0.88474,0.872518
1519,1.015618786,0.886167,0.872539
1520,1.021232003,0.893145,0.874576
1521,1.013429295,0.886401,0.874655
1522,1.019138668,0.887788,0.871116
1523,1.013545957,0.889493,0.877605
1524,1.020625552,0.893475,0.875419
1525,1.017883553,0.890585,0.874938
1526,1.018880087,0.893081,0.876532
1527,1.027985407,0.893528,0.869203
1528,1.015035111,0.89128,0.878078
1529,1.029809104,0.892862,0.867017
1530,1.015894203,0.888177,0.874281
1531,1.015089047,0.885114,0.871957
1532,1.015416704,0.887988,0.874506
1533,1.013768814,0.888836,0.876764
1534,1.005279136,0.88281,0.878174
1535,1.014537804,0.882516,0.86987
1536,1.01136166,0.878136,0.868271
1537,0.996084571,0.865977,0.869381
1538,0.997129324,0.861428,0.863908
1539,0.987815825,0.850625,0.861117
1540,0.978345273,0.841374,0.859997
1541,0.973458919,0.826086,0.848609
1542,0.961841918,0.808986,0.84108
1543,0.953226225,0.797348,0.836473
1544,0.945717211,0.778748,0.823447
1545,0.928017004,0.757531,0.81629
1546,0.918004491,0.737142,0.802983
1547,0.905423573,0.719254,0.794384
1548,0.896396906,0.704585,0.786019
1549,0.887309387,0.692844,0.780837
1550,0.882570834,0.687152,0.77858
1551,0.881438846,0.68974,0.782516
1552,0.896257001,0.702998,0.784371
1553,0.896055479,0.708072,0.79021
1554,0.907773909,0.729252,0.803341
1555,0.930538662,0.753553,0.809803
1556,0.94524422,0.776762,0.821758
1557,0.958880534,0.795051,0.829145
1558,0.965124312,0.808862,0.838091
1559,0.980904308,0.825892,0.84197
1560,0.987865606,0.832991,0.843223
1561,0.997456556,0.848651,0.850815
1562,0.996760331,0.853794,0.856569
1563,1.002709036,0.858343,0.856024
1564,1.002155395,0.862021,0.860167
1565,1.009818949,0.868311,0.859868
1566,1.00318492,0.867139,0.864386
1567,1.014586095,0.874141,0.861574
1568,1.016331775,0.878879,0.864756
1569,1.009830899,0.875997,0.867469
1570,1.009712175,0.875685,0.867262
1571,1.01979236,0.881585,0.864475
1572,1.010939339,0.875153,0.865683
1573,1.021494991,0.885201,0.866574
1574,1.027922545,0.885987,0.86192
1575,1.019267447,0.882865,0.866176
1576,1.013832497,0.880182,0.868173
1577,1.020214355,0.882212,0.864732
1578,1.016519867,0.879186,0.864898
1579,1.016934468,0.881491,0.866812
1580,1.017545624,0.880295,0.865116
1581,1.013785756,0.87636,0.864443
1582,1.018436953,0.880508,0.864568
1583,1.016779973,0.882867,0.868297
1584,1.012092858,0.879618,0.869108
1585,1.01184097,0.879563,0.86927
1586,1.012042395,0.879058,0.868598
1587,1.010798292,0.876351,0.866989
1588,1.011859851,0.875193,0.864935
1589,1.014593335,0.869264,0.856761
1590,1.003690424,0.861606,0.858438
1591,0.990870847,0.847474,0.855282
1592,0.986496259,0.840335,0.851838
1593,0.9829903,0.83102,0.8454
1594,0.968478313,0.814529,0.84104
1595,0.962398196,0.800467,0.831742
1596,0.9513241,0.785358,0.825542
1597,0.949681316,0.777336,0.818523
1598,0.939621024,0.769248,0.818679
1599,0.935195203,0.761536,0.814307
1600,0.938070431,0.763867,0.814296
1601,0.932308522,0.760843,0.816085
1602,0.934914836,0.771301,0.824996
1603,0.94487198,0.777075,0.822413
1604,0.952123007,0.785869,0.825386
1605,0.946941431,0.786004,0.830045
1606,0.957865638,0.795926,0.830937
1607,0.966333811,0.803982,0.831992
1608,0.972989935,0.806164,0.828543
1609,0.972020129,0.807774,0.831026
1610,0.967885017,0.802367,0.82899
1611,0.952809608,0.784431,0.823282
1612,0.944363982,0.776576,0.822327
1613,0.939453768,0.761804,0.810901
1614,0.934654556,0.75354,0.806223
1615,0.923587451,0.740054,0.801282
1616,0.904838521,0.719847,0.795553
1617,0.913558471,0.726152,0.794861
1618,0.907976634,0.72152,0.794646
1619,0.913161557,0.726946,0.796076
1620,0.92202094,0.737803,0.800202
1621,0.923721116,0.748506,0.810316
1622,0.938046819,0.765525,0.816084
1623,0.948268345,0.780807,0.823403
1624,0.966798221,0.799575,0.827034
1625,0.968754133,0.805738,0.831726
1626,0.980267213,0.825335,0.841949
1627,0.967097298,0.821201,0.84914
1628,0.990055012,0.840826,0.849272
1629,0.994080206,0.846341,0.851381
1630,1.012101685,0.857574,0.84732
1631,1.001304851,0.851782,0.850672
1632,1.005425577,0.858922,0.854287
1633,1.005654659,0.86006,0.855224
1634,1.002211748,0.857777,0.855884
1635,1.012079984,0.864542,0.854223
1636,1.001558023,0.854976,0.853646
1637,1.000889002,0.857903,0.857141
1638,0.996677909,0.848743,0.851572
1639,0.997775711,0.843334,0.845214
1640,0.992438387,0.840374,0.846777
1641,0.990674186,0.839636,0.84754
1642,0.990349662,0.835559,0.843701
1643,0.987758824,0.835157,0.845507
1644,0.991788057,0.831528,0.838413
1645,0.987816921,0.832216,0.84248
1646,0.987623733,0.829519,0.839914
1647,0.988092202,0.837005,0.847092
1648,0.985232318,0.837679,0.850235
1649,0.995643087,0.844154,0.847848
1650,0.997954658,0.851901,0.853647
1651,1.007021999,0.861318,0.855312
1652,1.007632784,0.861786,0.855258
1653,1.011093232,0.86524,0.855747
1654,1.012998995,0.870701,0.859528
1655,1.022781354,0.877259,0.857719
1656,1.019029543,0.87463,0.858297
1657,1.016763512,0.877351,0.862886
1658,1.030600287,0.88294,0.856724
1659,1.027073243,0.885332,0.861995
1660,1.014836665,0.8797,0.866839
1661,1.017989998,0.880768,0.865203
1662,1.019454812,0.881964,0.865133
1663,1.028044485,0.891587,0.867265
1664,1.028585652,0.888482,0.86379
1665,1.032983336,0.892604,0.864103
1666,1.022702718,0.886942,0.867253
1667,1.027549122,0.890658,0.866779
1668,1.020268269,0.885449,0.867859
1669,1.028437975,0.887109,0.862579
1670,1.022489477,0.883526,0.864093
1671,1.021746285,0.887873,0.868976
1672,1.026507583,0.886765,0.863866
1673,1.024714598,0.887285,0.865885
1674,1.027530987,0.889848,0.866006
1675,1.041101482,0.897848,0.862402
1676,1.04437429,0.901483,0.86318
1677,1.0339872,0.894249,0.864855
1678,1.030464459,0.888451,0.862185
1679,1.026321996,0.88767,0.864904
1680,1.031213626,0.888604,0.861707
1681,1.032414096,0.888987,0.861076
1682,1.031130415,0.891901,0.864974
1683,1.02076951,0.887309,0.869255
1684,1.028798557,0.890777,0.865842
1685,1.029195698,0.89102,0.865744
1686,1.021871413,0.886686,0.867708
1687,1.030172513,0.891672,0.865556
1688,1.031636298,0.895059,0.867611
1689,1.02820809,0.890931,0.866489
1690,1.022094396,0.889864,0.870628
1691,1.022483022,0.886048,0.866565
1692,1.035175209,0.892997,0.862653
1693,1.027435147,0.889353,0.865605
1694,1.022128294,0.883865,0.86473
1695,1.022632203,0.886933,0.867304
1696,1.020162545,0.885193,0.867698
1697,1.035789547,0.892602,0.86176
1698,1.027835071,0.891022,0.866892
1699,1.026785796,0.893394,0.870088
1700,1.022632851,0.887857,0.868207
1701,1.029818215,0.890145,0.864371
1702,1.016181797,0.886831,0.872709
1703,1.02720694,0.88759,0.864081
1704,1.03133759,0.890823,0.863755
1705,1.022975847,0.886116,0.866214
1706,1.024730679,0.887675,0.866252
1707,1.028950374,0.890928,0.865861
1708,1.01482934,0.88704,0.874078
1709,1.022509927,0.887874,0.868328
1710,1.029250251,0.893276,0.86789
1711,1.021510014,0.883456,0.864853
1712,1.026849276,0.886518,0.863338
1713,1.026851258,0.886569,0.863386
1714,1.028271999,0.88639,0.862019
1715,1.030580323,0.892093,0.865622
1716,1.030210638,0.890682,0.864563
1717,1.041508166,0.896123,0.860409
1718,1.026951736,0.892114,0.868701
1719,1.028056031,0.890314,0.866017
1720,1.03252548,0.895657,0.867443
1721,1.031546245,0.891192,0.863938
1722,1.039945152,0.894175,0.859829
1723,1.037286569,0.893584,0.861463
1724,1.029889475,0.885879,0.860169
1725,1.016973479,0.885011,0.87024
1726,1.028397149,0.886647,0.862164
1727,1.029187904,0.891498,0.866215
1728,1.017135323,0.88249,0.867623
1729,1.033718842,0.890954,0.861892
1730,1.023934301,0.884498,0.863823
1731,1.025980551,0.886242,0.8638
1732,1.024223348,0.886706,0.865735
1733,1.027150449,0.885756,0.862343
1734,1.038460371,0.889352,0.856414
1735,1.030905267,0.88536,0.858818
1736,1.028383679,0.885933,0.861481
1737,1.030336988,0.885417,0.859347
1738,1.026805604,0.884094,0.861014
1739,1.026456932,0.883608,0.860833
1740,1.027425943,0.887658,0.863963
1741,1.024005824,0.884697,0.863957
1742,1.023952465,0.880765,0.860162
1743,1.019682058,0.880679,0.86368
1744,1.031390567,0.888281,0.861246
1745,1.0218581,0.884316,0.8654
1746,1.022485244,0.881415,0.862032
1747,1.025156569,0.883605,0.861922
1748,1.028751109,0.883189,0.858506
1749,1.026576472,0.881706,0.85888
1750,1.028628113,0.88659,0.861915
1751,1.029019986,0.888851,0.863784
1752,1.027115675,0.884324,0.860978
1753,1.027357556,0.886851,0.863235
1754,1.023605937,0.885023,0.864613
1755,1.0263574,0.883432,0.860745
1756,1.022182217,0.881809,0.862673
1757,1.028177707,0.882962,0.858764
1758,1.027153254,0.881695,0.858387
1759,1.025468697,0.879323,0.857484
1760,1.026226162,0.884961,0.862345
1761,1.022233563,0.883357,0.864144
1762,1.025343217,0.881222,0.859441
1763,1.024696647,0.880197,0.858983
1764,1.030661028,0.885411,0.859071
1765,1.02076907,0.877596,0.85974
1766,1.027962985,0.883123,0.8591
1767,1.029545441,0.878228,0.853025
1768,1.020967269,0.877893,0.859864
1769,1.026407273,0.878969,0.856355
1770,1.020783694,0.876107,0.858269
1771,1.019485599,0.874528,0.857813
1772,1.00996093,0.869844,0.861265
1773,1.021456292,0.870673,0.852384
1774,1.020542046,0.86494,0.84753
1775,1.01115503,0.861587,0.852082
1776,1.013635222,0.863899,0.852278
1777,1.011466144,0.853287,0.843614
1778,0.993740838,0.841935,0.847238
1779,0.997585987,0.83972,0.841752
1780,0.97694472,0.820488,0.839851
1781,0.96945081,0.808426,0.833901
1782,0.9681326,0.792615,0.818705
1783,0.95887016,0.779222,0.812646
1784,0.943815124,0.762949,0.808367
1785,0.933279112,0.745872,0.799195
1786,0.924258384,0.726517,0.786054
1787,0.909704613,0.709626,0.780062
1788,0.89924507,0.693853,0.771595
1789,0.891092575,0.684679,0.768359
1790,0.883504694,0.676443,0.765636
1791,0.885553316,0.676669,0.76412
1792,0.884735284,0.6783,0.76667
1793,0.890470295,0.687655,0.772238
1794,0.892506522,0.695558,0.779331
1795,0.905476119,0.710327,0.784479
1796,0.921385802,0.72631,0.78828
1797,0.930458069,0.737308,0.792414
1798,0.938241118,0.753417,0.80301
1799,0.950731628,0.769873,0.809769
1800,0.967669521,0.785827,0.812082
1801,0.964506631,0.789766,0.818829
1802,0.984961312,0.812402,0.824806
1803,0.982114223,0.81767,0.832561
1804,0.985644993,0.827859,0.839916
1805,0.995712526,0.831875,0.835457
1806,0.993696206,0.834833,0.840129
1807,1.002173377,0.845221,0.843388
1808,1.007653824,0.852984,0.846505
1809,1.004043081,0.852538,0.849105
1810,1.010286952,0.855119,0.846412
1811,1.018255401,0.864508,0.849009
1812,1.022550997,0.868019,0.848876
1813,1.011943754,0.860136,0.849984
1814,1.012389339,0.863396,0.85283
1815,1.019881135,0.866593,0.8497
1816,1.021627317,0.86979,0.851377
1817,1.023161116,0.8734,0.853629
1818,1.018411052,0.871491,0.855736
1819,1.027436551,0.872607,0.849305
1820,1.023150574,0.872949,0.853197
1821,1.020761995,0.871645,0.853916
1822,1.018220026,0.869733,0.85417
1823,1.018223858,0.871062,0.855472
1824,1.021610346,0.874666,0.856164
1825,1.027074367,0.882489,0.859226
1826,1.026487221,0.881616,0.858867
1827,1.028197648,0.877979,0.853901
1828,1.023524821,0.878737,0.85854
1829,1.020459377,0.875497,0.857944
1830,1.023015674,0.876883,0.857155
1831,1.025154876,0.878365,0.856812
1832,1.027347113,0.883161,0.859652
1833,1.029670943,0.881734,0.856326
1834,1.026159744,0.884993,0.862432
1835,1.022458349,0.881036,0.861684
1836,1.020418284,0.878573,0.860993
1837,1.028493274,0.882078,0.857641
1838,1.026798148,0.881843,0.858828
1839,1.028568769,0.883916,0.859365
1840,1.032780544,0.886387,0.858253
1841,1.035066688,0.886723,0.856682
1842,1.020572873,0.877709,0.860016
1843,1.033989325,0.884156,0.855092
1844,1.033134646,0.888128,0.859644
1845,1.027210268,0.884955,0.861513
1846,1.029835971,0.884246,0.858628
1847,1.027327403,0.883781,0.860272
1848,1.032574194,0.889383,0.861326
1849,1.020528897,0.885467,0.867655
1850,1.02767681,0.890595,0.86661
1851,1.03150715,0.887877,0.860757
1852,1.034781446,0.890119,0.8602
1853,1.0210571,0.880383,0.862227
1854,1.035138406,0.883531,0.853539
1855,1.034991207,0.885761,0.855815
1856,1.036100084,0.887686,0.856757
1857,1.033247675,0.890209,0.861564
1858,1.029276229,0.886951,0.861723
1859,1.027120934,0.88624,0.862839
1860,1.038023951,0.892111,0.859432
1861,1.033456008,0.8854,0.856737
1862,1.040735122,0.893213,0.858252
1863,1.030913103,0.881574,0.855139
1864,1.033839033,0.886304,0.857294
1865,1.02407727,0.88107,0.860355
1866,1.032446281,0.88616,0.858311
1867,1.036004928,0.887188,0.856355
1868,1.031328698,0.884583,0.857712
1869,1.030053927,0.886279,0.86042
1870,1.028807881,0.884997,0.860216
1871,1.025948872,0.882473,0.860153
1872,1.019621236,0.880758,0.863809
1873,1.031759132,0.886343,0.85906
1874,1.031279263,0.887653,0.86073
1875,1.036844139,0.890674,0.859024
1876,1.031587385,0.887944,0.860755
1877,1.032275111,0.882972,0.855365
1878,1.031366873,0.885775,0.858836
1879,1.029708757,0.879223,0.853856
1880,1.027726759,0.884104,0.860252
1881,1.039826128,0.889408,0.855343
1882,1.032019515,0.885481,0.858008
1883,1.033193003,0.883753,0.855361
1884,1.020911477,0.88131,0.863258
1885,1.025475034,0.884705,0.862727
1886,1.024217443,0.882857,0.861982
1887,1.027340313,0.882736,0.859244
1888,1.020648592,0.882464,0.864611
1889,1.018171483,0.88126,0.865532
1890,1.025860768,0.883896,0.861614
1891,1.028676642,0.882728,0.85812
1892,1.028356675,0.88465,0.860256
1893,1.028656216,0.887037,0.862326
1894,1.026906267,0.883468,0.86032
1895,1.020019497,0.87998,0.862709
1896,1.029126214,0.884464,0.859432
1897,1.023083656,0.883666,0.863728
1898,1.032126524,0.889434,0.861749
1899,1.032054488,0.887346,0.859786
1900,1.033699155,0.888114,0.859161
1901,1.031912911,0.886019,0.858618
1902,1.032564473,0.888023,0.860017
1903,1.030558009,0.887835,0.861509
1904,1.030751955,0.884882,0.858482
1905,1.036810398,0.8858,0.854351
1906,1.031305503,0.882023,0.855249
1907,1.024855554,0.881921,0.860532
1908,1.023070795,0.883571,0.863646
1909,1.032611883,0.887406,0.85938
1910,1.037804074,0.889725,0.857315
1911,1.027680496,0.882386,0.858619
1912,1.024238111,0.882122,0.861247
1913,1.023686315,0.878329,0.858006
1914,1.027915953,0.880925,0.857001
1915,1.024539734,0.880262,0.859178
1916,1.024789744,0.880857,0.859549
1917,1.031073002,0.878534,0.852058
1918,1.028712764,0.876955,0.852478
1919,1.030574502,0.878775,0.852704
1920,1.030347427,0.876973,0.851143
1921,1.018581958,0.863456,0.847704
1922,1.017330127,0.862699,0.848003
1923,1.015155241,0.858598,0.84578
1924,1.007018061,0.853619,0.84767
1925,1.004188001,0.848812,0.845272
1926,1.011086817,0.85087,0.84154
1927,1.009560382,0.850489,0.842435
1928,1.008307195,0.847701,0.840717
1929,1.002343221,0.840982,0.839016
1930,1.008624437,0.85151,0.844229
1931,1.010377233,0.847658,0.838952
1932,1.000694162,0.846211,0.845624
1933,1.006083075,0.846965,0.841844
1934,1.012463655,0.853112,0.84261
1935,1.008237061,0.85388,0.846904
1936,1.003247497,0.853572,0.850809
1937,1.014098828,0.85774,0.845815
1938,1.012630808,0.86016,0.849431
1939,1.016094281,0.864429,0.850737
1940,1.021210224,0.867851,0.849826
1941,1.024156101,0.867451,0.846991
1942,1.02247688,0.873775,0.854567
1943,1.021761499,0.872851,0.854261
1944,1.015470486,0.869457,0.856211
1945,1.026624784,0.875559,0.852852
1946,1.024478579,0.874917,0.854012
1947,1.023154811,0.872351,0.852609
1948,1.036840282,0.885698,0.854228
1949,1.022204238,0.87658,0.857539
1950,1.020008156,0.872975,0.855851
1951,1.025259572,0.878832,0.85718
1952,1.019837777,0.876984,0.859925
1953,1.03465137,0.887436,0.857715
1954,1.021634148,0.877738,0.859151
1955,1.030242665,0.885406,0.859415
1956,1.026287312,0.877255,0.854785
1957,1.021135927,0.880211,0.861992
1958,1.026125362,0.882868,0.86039
1959,1.027580045,0.881005,0.857359
1960,1.035337603,0.886806,0.856538
1961,1.032029159,0.885126,0.857656
1962,1.033417111,0.88649,0.857824
1963,1.021941926,0.88264,0.863689
1964,1.024871053,0.881632,0.860237
1965,1.029755986,0.884443,0.858886
1966,1.034431644,0.887652,0.858106
1967,1.031808303,0.884496,0.857229
1968,1.021178698,0.879097,0.860865
1969,1.028188732,0.884997,0.860734
1970,1.028125455,0.881962,0.857835
1971,1.026195977,0.882194,0.859674
1972,1.030100833,0.885212,0.859345
1973,1.034522666,0.889435,0.859754
1974,1.030197951,0.886815,0.86082
1975,1.025789037,0.88319,0.860986
1976,1.018616947,0.879645,0.863568
1977,1.026390781,0.879193,0.856587
1978,1.025166791,0.880933,0.859307
1979,1.031821992,0.892428,0.864905
1980,1.033771841,0.887826,0.858822
1981,1.033659396,0.888269,0.859344
1982,1.030290397,0.887181,0.861098
1983,1.027329188,0.884627,0.861094
1984,1.029421096,0.885752,0.860437
1985,1.030684967,0.885379,0.85902
1986,1.029733044,0.884136,0.858607
1987,1.028635174,0.883827,0.859223
1988,1.023271022,0.882516,0.862446
1989,1.026393166,0.88351,0.860791
1990,1.031797806,0.884779,0.857512
1991,1.028778585,0.88455,0.859806
1992,1.030555459,0.890369,0.86397
1993,1.032603477,0.890478,0.862362
1994,1.032805414,0.887279,0.859096
1995,1.032864336,0.888033,0.859777
1996,1.031313569,0.886216,0.859308
1997,1.018118655,0.880974,0.865296
1998,1.043348789,0.893093,0.855987
1999,1.029821536,0.890843,0.865046
2000,1.024824049,0.885614,0.864162
2001,1.030581595,0.88589,0.859602
2002,1.033326111,0.887096,0.858486
2003,1.022743773,0.883263,0.863621
2004,1.030319272,0.886191,0.860113
2005,1.030707035,0.886977,0.860552
2006,1.035000332,0.888288,0.858249
2007,1.040219359,0.891132,0.856677
2008,1.02556674,0.881089,0.859124
2009,1.023789297,0.878531,0.858117
2010,1.031255204,0.885577,0.858737
2011,1.027754444,0.884579,0.860691
2012,1.029031315,0.887167,0.862138
2013,1.021906427,0.882127,0.863217
2014,1.029959357,0.887723,0.861901
2015,1.03393061,0.884752,0.855717
2016,1.028985608,0.885864,0.86091
2017,1.029008626,0.881811,0.856952
2018,1.02964688,0.886041,0.860529
2019,1.03210096,0.888159,0.860535
2020,1.02485761,0.882056,0.860662
2021,1.02862169,0.881177,0.856658
2022,1.034188283,0.887801,0.858452
2023,1.024430064,0.884119,0.863035
2024,1.028940023,0.886189,0.861264
2025,1.029864108,0.882368,0.856781
2026,1.026654048,0.884098,0.861145
2027,1.028648756,0.886328,0.861643
2028,1.019080787,0.883701,0.867155
2029,1.026670095,0.878383,0.855565
2030,1.027737323,0.884925,0.861042
2031,1.035689611,0.89043,0.859746
2032,1.031762562,0.886705,0.859408
2033,1.033172803,0.886236,0.857781
2034,1.034564219,0.887264,0.857621
2035,1.022131039,0.882326,0.863222
2036,1.030666436,0.886335,0.859963
2037,1.030468589,0.887421,0.861182
2038,1.033884946,0.889353,0.860205
2039,1.031268907,0.886355,0.85948
2040,1.023300518,0.881556,0.861483
2041,1.026838914,0.884594,0.861473
2042,1.027490769,0.883266,0.859634
2043,1.034147773,0.884307,0.855107
2044,1.02526477,0.882592,0.860843
2045,1.02560164,0.882682,0.860648
2046,1.025948487,0.882209,0.859896
2047,1.024547375,0.880245,0.859155
2048,1.032132675,0.88368,0.856169
2049,1.029204388,0.885159,0.860042
2050,1.024888322,0.879635,0.858274
2051,1.030623515,0.88367,0.857413
2052,1.032964146,0.880792,0.852684
2053,1.036386342,0.884677,0.853617
2054,1.033195953,0.887194,0.858689
2055,1.02571055,0.883305,0.861164
2056,1.030706156,0.888445,0.861977
2057,1.030974658,0.884368,0.857798
2058,1.023861739,0.887511,0.866827
2059,1.024797912,0.883632,0.86225
2060,1.031517756,0.8851,0.858056
2061,1.030789158,0.886523,0.860043
2062,1.031758316,0.889224,0.861853
2063,1.031606688,0.88546,0.858331
2064,1.029213719,0.883616,0.858535
2065,1.032865394,0.885774,0.857589
2066,1.023080376,0.87745,0.857655
2067,1.025357498,0.880738,0.858957
2068,1.028903272,0.881446,0.856685
2069,1.023771218,0.881337,0.860873
2070,1.023723126,0.884161,0.863672
2071,1.026304002,0.884438,0.86177
2072,1.031767416,0.88456,0.857325
2073,1.023335557,0.878903,0.858861
2074,1.026565945,0.881003,0.858204
2075,1.029557859,0.881318,0.856016
2076,1.022314744,0.883466,0.864182
2077,1.016763661,0.877404,0.862938
2078,1.02324475,0.877548,0.857613
2079,1.028672649,0.882991,0.858379
2080,1.034566078,0.888445,0.858761
2081,1.034368901,0.887804,0.858305
2082,1.021998448,0.878609,0.859697
2083,1.021857057,0.87669,0.857938
2084,1.031047685,0.880856,0.854331
2085,1.029490061,0.879795,0.854593
2086,1.024986332,0.879304,0.857869
2087,1.026531154,0.881548,0.858764
2088,1.02225699,0.882723,0.863504
2089,1.027160874,0.88066,0.857373
2090,1.024442684,0.879566,0.85858
2091,1.021558543,0.880751,0.862164
2092,1.021249226,0.875663,0.857443
2093,1.036385865,0.883321,0.852309
2094,1.024557591,0.878928,0.857861
2095,1.020399852,0.87695,0.859418
2096,1.028442646,0.882556,0.858148
2097,1.026487725,0.882801,0.860021
2098,1.031223869,0.884226,0.857453
2099,1.021363012,0.876881,0.85854
2100,1.026652984,0.881359,0.858478
2101,1.028448688,0.880277,0.855927
2102,1.022501166,0.877306,0.858
2103,1.021942087,0.879094,0.860219
2104,1.025256435,0.881983,0.860256
2105,1.02512031,0.879544,0.857991
2106,1.02727712,0.882241,0.858815
2107,1.022767999,0.874977,0.855499
2108,1.015749115,0.871078,0.857572
2109,1.020574649,0.872724,0.85513
2110,1.0173937,0.875217,0.860254
2111,1.02044309,0.87054,0.8531
2112,1.011451934,0.868112,0.858283
2113,1.018181583,0.866723,0.851246
2114,1.016400668,0.869359,0.855331
2115,1.008278674,0.863142,0.856055
2116,1.016224102,0.864449,0.850648
2117,1.020130652,0.867311,0.850196
2118,1.015300682,0.866484,0.853426
2119,1.017050036,0.865296,0.85079
2120,1.001449775,0.850328,0.849097
2121,1.003231375,0.853781,0.851031
2122,1.013153664,0.857128,0.846
2123,1.014433936,0.855603,0.843429
2124,1.003633036,0.848922,0.845849
2125,1.017884645,0.857863,0.84279
2126,1.008426459,0.854112,0.846975
2127,0.997306293,0.84858,0.850872
2128,1.002626257,0.84982,0.847594
2129,1.010970315,0.860452,0.851115
2130,1.015913162,0.857577,0.844144
2131,1.019088901,0.864487,0.848294
2132,1.008006615,0.859371,0.852545
2133,1.015053425,0.863914,0.851102
2134,1.011947991,0.860004,0.84985
2135,1.010946908,0.862826,0.853483
2136,1.006811906,0.859024,0.853212
2137,1.009585385,0.864301,0.856095
2138,1.013297125,0.86568,0.85432
2139,1.012075017,0.865983,0.855651
2140,1.0197652,0.871319,0.854431
2141,1.019954597,0.874761,0.857647
2142,1.023787098,0.87719,0.856809
2143,1.019122315,0.870466,0.854133
2144,1.017030204,0.871124,0.856537
2145,1.011369359,0.871588,0.86179
2146,1.021180245,0.876527,0.858347
2147,1.027538105,0.879363,0.855796
2148,1.014110827,0.871538,0.859411
2149,1.018374748,0.874789,0.859005
2150,1.024582071,0.878949,0.857861
2151,1.014230103,0.870464,0.858251
2152,1.020150854,0.873445,0.856192
2153,1.011964024,0.868846,0.858574
2154,1.025900035,0.874945,0.852856
2155,1.01833941,0.872002,0.856298
2156,1.023312271,0.875503,0.855558
2157,1.020673394,0.874416,0.856705
2158,1.018640861,0.867772,0.851892
2159,1.021465012,0.867757,0.849522
2160,1.019947487,0.868982,0.851987
2161,1.015230138,0.867304,0.854293
2162,1.01628024,0.86626,0.852383
2163,1.013740848,0.868045,0.856279
2164,1.014704316,0.867145,0.854579
2165,1.01826476,0.868756,0.853173
2166,1.014891424,0.868266,0.855526
2167,1.012725405,0.868648,0.857733
2168,1.020460488,0.864877,0.847536
2169,1.018209438,0.868664,0.853129
2170,1.013924566,0.866796,0.854892
2171,1.013746458,0.869023,0.857239
2172,1.017534265,0.868901,0.853928
2173,1.0219799,0.87329,0.854508
2174,1.021601481,0.873835,0.855358
2175,1.024325633,0.875823,0.855024
2176,1.019555654,0.872602,0.855865
2177,1.018923083,0.871705,0.855516
2178,1.019624395,0.874488,0.857657
2179,1.016011504,0.870477,0.856759
2180,1.023858918,0.876027,0.855613
2181,1.017479148,0.873049,0.858051
2182,1.021528152,0.876796,0.858318
2183,1.024898095,0.876252,0.854965
2184,1.029815265,0.881561,0.856038
2185,1.028556462,0.87964,0.855218
2186,1.02383228,0.877327,0.856905
2187,1.023079279,0.878466,0.858649
2188,1.031579144,0.881766,0.854773
2189,1.025323775,0.883056,0.861246
2190,1.022385559,0.878677,0.859438
2191,1.032459107,0.878505,0.850886
2192,1.035190157,0.887512,0.857342
2193,1.023310941,0.878493,0.858481
2194,1.030380965,0.882206,0.856194
2195,1.031915179,0.883921,0.856583
2196,1.024838228,0.879468,0.858153
2197,1.017578966,0.879233,0.864044
2198,1.035808872,0.889765,0.859005
2199,1.034245004,0.887859,0.858461
2200,1.029387337,0.88618,0.860881
2201,1.024848486,0.882372,0.860978
2202,1.025482146,0.879957,0.858091
2203,1.032558541,0.884374,0.856488
2204,1.029362033,0.883942,0.858728
2205,1.021353134,0.876465,0.858141
2206,1.027650645,0.881306,0.857593
2207,1.029486518,0.881399,0.856154
2208,1.023024755,0.879744,0.859944
2209,1.027981639,0.882587,0.858563
2210,1.028735786,0.885938,0.861191
2211,1.028970529,0.88411,0.859218
2212,1.030022361,0.882106,0.856395
2213,1.02382307,0.881784,0.861266
2214,1.021997848,0.882535,0.863539
2215,1.032219375,0.887303,0.859607
2216,1.024117532,0.885154,0.864309
2217,1.021872199,0.88245,0.863562
2218,1.035885533,0.887266,0.856529
2219,1.023617104,0.882187,0.861833
2220,1.023226264,0.877746,0.857822
2221,1.025100963,0.880287,0.858732
2222,1.030220017,0.883016,0.857114
2223,1.034858007,0.883064,0.853319
2224,1.028636658,0.880837,0.856315
2225,1.026824112,0.883921,0.86083
2226,1.023599921,0.880776,0.860469
2227,1.025843652,0.88403,0.861759
2228,1.027023162,0.883243,0.860003
2229,1.019964487,0.877708,0.860528
2230,1.027706248,0.882404,0.858615
2231,1.022684332,0.877952,0.858478
2232,1.018598855,0.877911,0.861881
2233,1.019649941,0.882402,0.865397
2234,1.024761718,0.879264,0.858018
2235,1.029940377,0.886515,0.860744
2236,1.022856165,0.879061,0.859418
2237,1.027492185,0.882549,0.858935
2238,1.035940606,0.88849,0.857665
2239,1.028375916,0.881711,0.857382
2240,1.020448476,0.883889,0.866177
2241,1.021979847,0.879755,0.860834
2242,1.022958285,0.880095,0.860343
2243,1.023459729,0.88125,0.86105
2244,1.026812974,0.883168,0.860106
2245,1.028026045,0.882107,0.858059
2246,1.035649543,0.884947,0.854485
2247,1.032423167,0.888969,0.861051
2248,1.024829099,0.885851,0.864389
2249,1.028098025,0.887922,0.863655
2250,1.033895225,0.887567,0.858469
2251,1.030313741,0.883255,0.857268
2252,1.025778434,0.88434,0.862116
2253,1.026482937,0.880127,0.85742
2254,1.027797094,0.882371,0.858507
2255,1.029347706,0.883309,0.858125
2256,1.028160216,0.883824,0.859617
2257,1.027999758,0.882729,0.858686
2258,1.026586644,0.882613,0.859755
2259,1.030137339,0.887555,0.861589
2260,1.034288437,0.887767,0.858336
2261,1.033214795,0.88848,0.859918
2262,1.027177227,0.882752,0.859396
2263,1.027750338,0.882262,0.85844
2264,1.020771303,0.877651,0.859792
2265,1.02586224,0.880277,0.858085
2266,1.028244848,0.880775,0.856581
2267,1.025034947,0.879931,0.85844
2268,1.026897901,0.88511,0.861926
2269,1.021076816,0.879092,0.860946
2270,1.029354498,0.880235,0.855133
2271,1.035643685,0.883809,0.853391
2272,1.024088668,0.879345,0.858661
2273,1.017819197,0.875581,0.860252
2274,1.028654115,0.880423,0.855898
2275,1.034481351,0.887195,0.857623
2276,1.020598913,0.87791,0.860191
2277,1.018932679,0.87999,0.863639
2278,1.030451692,0.881774,0.855716
2279,1.026697519,0.878081,0.855248
2280,1.030882912,0.881709,0.855295
2281,1.031891203,0.883659,0.856349
2282,1.034975607,0.885906,0.855968
2283,1.03158299,0.886496,0.859355
2284,1.030416193,0.883518,0.857438
2285,1.030096409,0.882874,0.857079
2286,1.024717635,0.882494,0.861207
2287,1.018241964,0.881265,0.865477
2288,1.027195863,0.879217,0.855939
2289,1.024194553,0.879651,0.858871
2290,1.020539166,0.875841,0.858214
2291,1.02894723,0.880074,0.855315
2292,1.033302066,0.881262,0.85286
2293,1.02375054,0.879802,0.859391
2294,1.02369469,0.881482,0.861079
2295,1.024165173,0.88167,0.860867
2296,1.03044275,0.886798,0.860599
2297,1.026991275,0.881177,0.858018
2298,1.030010795,0.88072,0.855059
2299,1.030207587,0.885756,0.859784
2300,1.034414764,0.888133,0.858585
2301,1.033742478,0.883886,0.855035
2302,1.030638722,0.880587,0.854409
2303,1.028117148,0.88057,0.856488
2304,1.029951179,0.883935,0.85823
2305,1.026913355,0.87996,0.856898
2306,1.033000875,0.88554,0.85725
2307,1.027135214,0.882947,0.859621
2308,1.026608085,0.884158,0.861242
2309,1.02728378,0.882935,0.859485
2310,1.031700633,0.879792,0.852759
2311,1.02755646,0.877637,0.854101
2312,1.02442379,0.879643,0.858671
2313,1.027760824,0.880716,0.856927
2314,1.028867467,0.881475,0.856743
2315,1.027812548,0.882707,0.858821
2316,1.024267147,0.878559,0.857744
2317,1.028381144,0.879379,0.85511
2318,1.02661277,0.879493,0.856694
2319,1.018747607,0.875474,0.859363
2320,1.025969713,0.880558,0.858269
2321,1.033777747,0.881616,0.85281
2322,1.021913711,0.875358,0.856587
2323,1.021628051,0.874343,0.855833
2324,1.020147819,0.874536,0.857264
2325,1.016750368,0.871776,0.857414
2326,1.023744939,0.878237,0.857867
2327,1.020894688,0.873209,0.855337
2328,1.017848153,0.871448,0.856167
2329,1.022113763,0.877685,0.858696
2330,1.028603613,0.878446,0.854018
2331,1.021579961,0.877197,0.858667
2332,1.023180559,0.87648,0.856623
2333,1.029746955,0.879892,0.854474
2334,1.026472522,0.882248,0.859495
2335,1.03250574,0.88405,0.856218
2336,1.021565312,0.877875,0.859343
2337,1.025719046,0.879152,0.857108
2338,1.028772337,0.881769,0.857108
2339,1.02827048,0.879962,0.855769
2340,1.02079444,0.872669,0.854892
2341,1.019498779,0.874471,0.857746
2342,1.033827808,0.885855,0.856869
2343,1.034943806,0.883664,0.853828
2344,1.027388934,0.877272,0.853885
2345,1.026692576,0.881278,0.858366
2346,1.027393847,0.882332,0.858806
2347,1.041820237,0.8904,0.854658
2348,1.032989968,0.883475,0.85526
2349,1.026581536,0.882392,0.859544
2350,1.034908453,0.888946,0.858961
2351,1.024860469,0.879937,0.858592
2352,1.040012555,0.891297,0.857006
2353,1.030030096,0.887785,0.861902
2354,1.032115088,0.885113,0.857572
2355,1.032146841,0.884587,0.857036
2356,1.032981663,0.883753,0.855536
2357,1.028205993,0.883887,0.85964
2358,1.031876623,0.883468,0.856176
2359,1.030831248,0.884279,0.857831
2360,1.0342244,0.884538,0.855267
2361,1.031440787,0.882739,0.855831
2362,1.031226509,0.879332,0.852705
2363,1.019069368,0.875082,0.858707
2364,1.024544957,0.881081,0.859973
2365,1.029202896,0.882313,0.857278
2366,1.033899747,0.8873,0.858207
2367,1.025453667,0.878661,0.856851
2368,1.026988932,0.879425,0.856314
2369,1.030769195,0.881185,0.854881
2370,1.03157582,0.885319,0.85822
2371,1.031628245,0.886408,0.859232
2372,1.031357064,0.882031,0.855214
2373,1.028981144,0.88518,0.860249
2374,1.035084308,0.888889,0.85876
2375,1.032155809,0.885985,0.858383
2376,1.025787013,0.88282,0.860627
2377,1.027427292,0.887166,0.863483
2378,1.035077089,0.884846,0.85486
2379,1.027465518,0.887498,0.863774
2380,1.030408407,0.885974,0.859828
2381,1.032133332,0.8862,0.85861
2382,1.030455784,0.885956,0.859771
2383,1.032329188,0.884926,0.857213
2384,1.03096698,0.885413,0.858818
2385,1.034097186,0.887365,0.858106
2386,1.034320027,0.887429,0.857983
2387,1.040505999,0.885789,0.851306
2388,1.03078454,0.881529,0.855202
2389,1.031926918,0.886515,0.859087
2390,1.025219526,0.882307,0.860603
2391,1.034521114,0.886357,0.85678
2392,1.036488018,0.887099,0.85587
2393,1.025877987,0.883957,0.861659
2394,1.032524365,0.885147,0.857265
2395,1.026134226,0.882105,0.859639
2396,1.03135745,0.883961,0.857085
2397,1.035091173,0.883382,0.853434
2398,1.038842833,0.889344,0.856091
2399,1.035203483,0.888746,0.858523
2400,1.028584012,0.882774,0.858242
2401,1.025927746,0.882976,0.860661
2402,1.032122635,0.886261,0.858678
2403,1.036070962,0.888866,0.85792
2404,1.028033745,0.879451,0.855469
2405,1.032701547,0.880818,0.852926
2406,1.02942771,0.881046,0.85586
2407,1.035132578,0.884144,0.854136
2408,1.027725249,0.881519,0.857738
2409,1.023589576,0.880893,0.860592
2410,1.029621955,0.883463,0.858046
2411,1.024857134,0.879475,0.858144
2412,1.026696045,0.883474,0.860502
2413,1.035880635,0.890039,0.85921
2414,1.02203647,0.877775,0.858849
2415,1.02426743,0.876312,0.85555
2416,1.026479654,0.880117,0.857413
2417,1.025760696,0.881549,0.85941
2418,1.036659768,0.884079,0.852815
2419,1.025667418,0.87688,0.854936
2420,1.03008564,0.882496,0.856721
2421,1.028849298,0.881016,0.856312
2422,1.027250763,0.882657,0.859242
2423,1.023829821,0.88154,0.861022
2424,1.027803898,0.883159,0.859268
2425,1.026319186,0.882615,0.859981
2426,1.036037934,0.885225,0.854433
2427,1.033896999,0.885326,0.8563
2428,1.031218505,0.880971,0.854301
2429,1.029464228,0.882431,0.857175
2430,1.032056945,0.886765,0.859221
2431,1.029410021,0.885341,0.860047
2432,1.031027342,0.88125,0.85473
2433,1.032160398,0.886023,0.858416
2434,1.024422562,0.882916,0.861867
2435,1.024873127,0.882714,0.861291
2436,1.022603332,0.880395,0.860935
2437,1.025672598,0.882141,0.860061
2438,1.027091853,0.882541,0.859262
2439,1.027102296,0.884029,0.860702
2440,1.03393581,0.883585,0.854584
2441,1.027566075,0.881775,0.85812
2442,1.025659859,0.882528,0.860449
2443,1.020359288,0.883223,0.8656
2444,1.030517372,0.885369,0.85915
2445,1.035754584,0.885797,0.855219
2446,1.026826486,0.877644,0.854715
2447,1.031755985,0.88032,0.853225
2448,1.029316619,0.886466,0.861218
2449,1.028418886,0.884721,0.860273
2450,1.033814643,0.885516,0.856552
2451,1.036820703,0.889841,0.85824
2452,1.035406347,0.886108,0.855807
2453,1.032801287,0.881751,0.853747
2454,1.032127135,0.88341,0.855912
2455,1.032104675,0.883623,0.856137
2456,1.0367158,0.888453,0.856988
2457,1.032990697,0.884552,0.856302
2458,1.027345471,0.881259,0.857802
2459,1.040013496,0.887742,0.853587
2460,1.030763583,0.884457,0.85806
2461,1.03589839,0.89123,0.860345
2462,1.030874453,0.88792,0.861327
2463,1.02583807,0.886241,0.863919
2464,1.024614906,0.881884,0.860698
2465,1.028336912,0.882746,0.858421
2466,1.021171513,0.877701,0.859504
2467,1.036495718,0.885612,0.854429
2468,1.028284148,0.884311,0.859987
2469,1.02349996,0.880647,0.860427
2470,1.035376164,0.886926,0.856622
2471,1.021044837,0.879721,0.861589
2472,1.026628927,0.880284,0.857451
2473,1.032975532,0.885541,0.857272
2474,1.027687573,0.882946,0.859158
2475,1.035248632,0.883887,0.853792
2476,1.019933651,0.876839,0.859702
2477,1.025093947,0.881099,0.85953
2478,1.023898082,0.88118,0.860613
2479,1.03471686,0.884447,0.854772
2480,1.024373127,0.881638,0.860661
2481,1.020526979,0.880129,0.862426
2482,1.032851433,0.887679,0.859445
2483,1.033933402,0.886784,0.85768
2484,1.017859194,0.877245,0.861853
2485,1.033644348,0.887916,0.859015
2486,1.025321949,0.881215,0.859452
2487,1.036350081,0.888237,0.857082
2488,1.030694171,0.882838,0.856547
2489,1.03641014,0.886197,0.855064
2490,1.028213257,0.883447,0.859206
2491,1.030954424,0.884196,0.857648
2492,1.031914956,0.88383,0.856495
2493,1.030452746,0.88391,0.857788
2494,1.016849663,0.876379,0.861857
2495,1.034844446,0.886366,0.856521
2496,1.032272981,0.881781,0.854213
2497,1.032185432,0.885676,0.858059
2498,1.031446056,0.882694,0.855783
2499,1.03603438,0.884993,0.854212
2500,1.029273729,0.884704,0.859542
2501,1.024874544,0.884931,0.863453
2502,1.035723328,0.887734,0.857115
2503,1.031441005,0.883586,0.856652
2504,1.031299523,0.884394,0.857553
2505,1.022567289,0.879006,0.859607
2506,1.027094468,0.884543,0.861209
2507,1.026264164,0.881486,0.858927
2508,1.029986112,0.88479,0.859031
2509,1.029440366,0.885014,0.859704
2510,1.037563686,0.885461,0.853404
2511,1.028688429,0.884491,0.859824
2512,1.031115679,0.881839,0.855228
2513,1.038324747,0.889267,0.856444
2514,1.032961741,0.883706,0.855507
2515,1.035899638,0.890219,0.859368
2516,1.035010605,0.883247,0.85337
2517,1.044305488,0.891486,0.853664
2518,1.039512716,0.886932,0.853219
2519,1.028568261,0.881447,0.856965
2520,1.022901039,0.878449,0.858782
2521,1.030311221,0.888153,0.862024
2522,1.027833076,0.881852,0.857972
2523,1.029713174,0.884225,0.85871
2524,1.026801904,0.880535,0.857551
2525,1.026123759,0.881546,0.859103
2526,1.028282661,0.879957,0.855754
2527,1.027775394,0.886261,0.86231
2528,1.02522752,0.882969,0.861242
2529,1.038552806,0.890639,0.857577
2530,1.029952914,0.88698,0.861185
2531,1.035324968,0.885178,0.854976
2532,1.035233019,0.883854,0.853773
2533,1.027161613,0.885931,0.862504
2534,1.026546109,0.882263,0.859448
2535,1.031183531,0.884773,0.858017
2536,1.020200067,0.875652,0.858314
2537,1.036078474,0.887912,0.856993
2538,1.029229039,0.882004,0.856956
2539,1.031106577,0.883382,0.856732
2540,1.039103975,0.888038,0.854619
2541,1.025971609,0.881878,0.859554
2542,1.034056959,0.881547,0.852513
2543,1.03502676,0.88767,0.85763
2544,1.029421167,0.882286,0.85707
2545,1.032184184,0.884683,0.857098
2546,1.028075319,0.885691,0.861504
2547,1.034078175,0.88311,0.854007
2548,1.033856538,0.886899,0.857855
2549,1.028728548,0.881285,0.856674
2550,1.036499225,0.884394,0.853251
2551,1.036285115,0.889029,0.8579
2552,1.027970178,0.885732,0.861632
2553,1.025221729,0.884061,0.862312
2554,1.022245726,0.87953,0.86039
2555,1.027290073,0.881344,0.857931
2556,1.024491399,0.878904,0.857893
2557,1.026124453,0.880934,0.858506
2558,1.027603775,0.886671,0.862853
2559,1.032153772,0.886553,0.858935
2560,1.034717675,0.888063,0.858266
2561,1.033502918,0.886113,0.857388
2562,1.026173376,0.880976,0.858506
2563,1.037985536,0.88869,0.856168
2564,1.031687478,0.88796,0.860687
2565,1.025133842,0.883691,0.862025
2566,1.033324152,0.88541,0.856856
2567,1.030361557,0.878647,0.852756
2568,1.031290897,0.884169,0.857342
2569,1.03323556,0.883808,0.855379
2570,1.027655422,0.879783,0.856107
2571,1.03382715,0.884802,0.855851
2572,1.02774415,0.879527,0.855784
2573,1.034374292,0.890829,0.861225
2574,1.034774572,0.885647,0.855884
2575,1.031812395,0.887467,0.860105
2576,1.034595727,0.888666,0.85895
2577,1.029281158,0.885892,0.86069
2578,1.025210446,0.880665,0.859009
2579,1.027060349,0.88134,0.858119
2580,1.036070364,0.888593,0.857657
2581,1.027742301,0.884363,0.860491
2582,1.038003783,0.886367,0.853915
2583,1.033361567,0.884511,0.855955
2584,1.029224001,0.883807,0.858712
2585,1.035886278,0.885574,0.854895
2586,1.026272496,0.885198,0.862537
2587,1.026767519,0.886278,0.863173
2588,1.03020477,0.882596,0.856719
2589,1.021531825,0.880018,0.861469
2590,1.026629116,0.875613,0.852901
2591,1.026673836,0.880226,0.857357
2592,1.030743804,0.886216,0.859783
2593,1.030226565,0.885148,0.859178
2594,1.024229008,0.882361,0.861488
2595,1.032162678,0.884165,0.856614
2596,1.030278024,0.885185,0.859171
2597,1.033142279,0.883597,0.855252
2598,1.027219624,0.881904,0.858535
2599,1.034923274,0.885055,0.855189
2600,1.025386078,0.87658,0.854878
2601,1.026097869,0.878152,0.855817
2602,1.026073482,0.878677,0.856349
2603,1.029871251,0.88006,0.854534
2604,1.021756249,0.875828,0.857179
2605,1.030089363,0.88239,0.856615
2606,1.019308515,0.875902,0.85931
2607,1.027727424,0.875929,0.852297
2608,1.027779496,0.880806,0.856999
2609,1.030875967,0.881868,0.855455
2610,1.028121675,0.879445,0.85539
2611,1.030401657,0.880437,0.85446
2612,1.026284112,0.880717,0.858161
2613,1.023997769,0.877605,0.857038
2614,1.027309801,0.879671,0.856286
2615,1.025558464,0.878438,0.856546
2616,1.027627469,0.876818,0.853245
2617,1.029465898,0.875919,0.850848
2618,1.02067324,0.869189,0.851584
2619,1.028102348,0.874692,0.850783
2620,1.018946711,0.871391,0.855188
2621,1.028250384,0.876567,0.852484
2622,1.02204363,0.871515,0.852718
2623,1.027321347,0.870548,0.847396
2624,1.007966438,0.860381,0.853581
2625,1.0188158,0.861855,0.845938
2626,1.013043196,0.857769,0.846725
2627,1.023876443,0.861548,0.841457
2628,1.022622661,0.8609,0.841855
2629,1.008993012,0.854047,0.846435
2630,1.00902686,0.852438,0.844812
2631,1.006622524,0.851959,0.846354
2632,1.0057831,0.848892,0.844011
2633,1.003271776,0.844192,0.841439
2634,1.000994564,0.842412,0.841575
2635,1.003059513,0.842573,0.840003
2636,0.996015511,0.84041,0.843772
2637,0.987838439,0.833138,0.843395
2638,0.993811841,0.832545,0.837729
2639,0.985158578,0.828277,0.840755
2640,0.992855709,0.830635,0.836612
2641,0.992034122,0.829157,0.835815
2642,0.989603614,0.82851,0.837214
2643,0.994232059,0.824111,0.828892
2644,0.991792799,0.82307,0.829881
2645,0.986996644,0.819603,0.830401
2646,0.985812536,0.820615,0.832425
2647,0.985066851,0.81678,0.829162
2648,0.983347709,0.82082,0.83472
2649,0.980770202,0.815838,0.831834
2650,0.98646269,0.817892,0.829116
2651,0.9961942,0.827937,0.8311
2652,0.99790909,0.82757,0.829304
2653,0.99681906,0.82793,0.830572
2654,0.97833828,0.822037,0.840238
2655,1.001735031,0.833706,0.832262
2656,0.99738599,0.832551,0.834733
2657,0.997406283,0.832929,0.835095
2658,0.999345095,0.839267,0.839817
2659,0.99681803,0.838939,0.841617
2660,0.989934029,0.837011,0.845522
2661,1.000950686,0.840192,0.839394
2662,1.008781589,0.850187,0.842786
2663,1.007504771,0.846303,0.839999
2664,1.00106894,0.843792,0.842891
2665,1.000073012,0.849232,0.84917
2666,1.008869889,0.851465,0.843979
2667,1.010373176,0.852077,0.843329
2668,1.013384357,0.858522,0.847183
2669,1.016451627,0.857442,0.843564
2670,1.007377114,0.852782,0.846537
2671,1.012777139,0.860657,0.849799
2672,1.010624433,0.861526,0.852469
2673,1.011436337,0.86035,0.850622
2674,1.0141769,0.863455,0.851385
2675,1.023640283,0.867659,0.847621
2676,1.013934499,0.868224,0.856292
2677,1.020229135,0.87109,0.853818
2678,1.022626438,0.872872,0.853559
2679,1.019901846,0.869501,0.852534
2680,1.019360773,0.869897,0.853375
2681,1.028428395,0.872061,0.847955
2682,1.024642194,0.870702,0.849762
2683,1.026085582,0.876549,0.854265
2684,1.028136567,0.876946,0.852947
2685,1.031429496,0.879535,0.852734
2686,1.026831274,0.875157,0.852289
2687,1.018209935,0.871772,0.856181
2688,1.013330824,0.87211,0.860637
2689,1.01727331,0.87391,0.859071
2690,1.032238501,0.881638,0.854103
2691,1.022589509,0.876395,0.857035
2692,1.019097016,0.875333,0.85893
2693,1.026735638,0.876708,0.853879
2694,1.033945152,0.880578,0.851668
2695,1.03122739,0.877987,0.8514
2696,1.029259842,0.879343,0.854345
2697,1.030135996,0.880791,0.855024
2698,1.028615085,0.879865,0.855388
2699,1.026971488,0.87857,0.855496
2700,1.02498073,0.880317,0.858862
2701,1.026246183,0.884225,0.861611
2702,1.028317466,0.880503,0.856256
2703,1.031088361,0.884083,0.857427
2704,1.023402656,0.878146,0.858065
2705,1.028494796,0.880805,0.856402
2706,1.023501429,0.879548,0.859352
2707,1.024375644,0.88302,0.862008
2708,1.03194849,0.884223,0.856848
2709,1.033907918,0.884166,0.855169
2710,1.028809475,0.884628,0.859856
2711,1.032529708,0.885768,0.857862
2712,1.034148357,0.883717,0.854536
2713,1.034740188,0.885541,0.85581
2714,1.037092819,0.8869,0.855179
2715,1.031207798,0.890351,0.863406
2716,1.025934837,0.883967,0.861621
2717,1.034523494,0.886238,0.856663
2718,1.02386773,0.884548,0.863928
2719,1.023867643,0.881677,0.861124
2720,1.030989258,0.882001,0.85549
2721,1.033888393,0.885757,0.856724
2722,1.028365441,0.880795,0.8565
2723,1.020314149,0.879521,0.86201
2724,1.026702547,0.884764,0.861753
2725,1.02751491,0.885574,0.86186
2726,1.025227892,0.882428,0.860714
2727,1.033641148,0.8864,0.857551
2728,1.035073302,0.892995,0.862736
2729,1.029093685,0.889811,0.864655
2730,1.037354447,0.890158,0.858104
2731,1.03269742,0.882568,0.854624
2732,1.029314226,0.883341,0.858184
2733,1.028255929,0.883132,0.858864
2734,1.032018677,0.885439,0.857968
2735,1.028608193,0.882516,0.857971
2736,1.028989145,0.885404,0.86046
2737,1.026711574,0.885549,0.86251
2738,1.024172434,0.882513,0.861684
2739,1.033815833,0.884905,0.85596
2740,1.02482053,0.879378,0.85808
2741,1.033886971,0.887471,0.858383
2742,1.03652629,0.887763,0.856479
2743,1.015396533,0.879571,0.866234
2744,1.029796222,0.883456,0.857894
2745,1.031899591,0.885213,0.857848
2746,1.036484504,0.890903,0.859543
2747,1.033079774,0.891053,0.862521
2748,1.033720338,0.887421,0.858473
2749,1.036482881,0.889123,0.857827
2750,1.032446203,0.886703,0.858837
2751,1.024435043,0.882895,0.861836
2752,1.032614077,0.884277,0.856348
2753,1.031635818,0.885811,0.858647
2754,1.031544073,0.881441,0.854487
2755,1.031027682,0.88144,0.854914
2756,1.033154418,0.884468,0.856085
2757,1.038736108,0.888458,0.855326
2758,1.032761075,0.882925,0.854917
2759,1.029044451,0.880754,0.855895
2760,1.02946929,0.884799,0.859471
2761,1.035095451,0.890209,0.860026
2762,1.034788323,0.886558,0.856753
2763,1.030491372,0.886034,0.859817
2764,1.029150352,0.884988,0.859921
2765,1.030543746,0.886719,0.860438
2766,1.024457834,0.880584,0.859561
2767,1.037028867,0.888461,0.856737
2768,1.033218754,0.888222,0.859665
2769,1.024525784,0.882171,0.861053
2770,1.034019062,0.88429,0.855197
2771,1.031846652,0.885991,0.858646
2772,1.029079766,0.883855,0.858879
2773,1.027024046,0.884659,0.861381
2774,1.028984142,0.884736,0.859815
2775,1.027206909,0.882494,0.85912
2776,1.02525553,0.880593,0.858901
2777,1.038462258,0.887582,0.854708
2778,1.034995187,0.889124,0.859061
2779,1.034734771,0.888713,0.85888
2780,1.029439811,0.883072,0.857818
2781,1.031969882,0.885651,0.858214
2782,1.022183108,0.87924,0.860159
2783,1.025190673,0.882316,0.860636
2784,1.028191261,0.881382,0.857216
2785,1.043667196,0.885991,0.848921
2786,1.034409352,0.883879,0.854477
2787,1.029533055,0.884268,0.858902
2788,1.036392125,0.889639,0.8584
2789,1.032825306,0.882259,0.854219
2790,1.034403359,0.885441,0.855992
2791,1.027007463,0.883895,0.860651
2792,1.039945921,0.889967,0.855782
2793,1.029025991,0.884489,0.85954
2794,1.029868004,0.884463,0.858812
2795,1.021921611,0.879711,0.86084
2796,1.034617517,0.886362,0.856705
2797,1.028008339,0.881218,0.857209
2798,1.028419843,0.882557,0.858168
2799,1.026186574,0.884031,0.861472
2800,1.033720845,0.888573,0.859587
2801,1.028342572,0.882502,0.858179
2802,1.032348199,0.883018,0.855349
2803,1.033355766,0.885961,0.857363
2804,1.031530985,0.883595,0.856586
2805,1.034993979,0.884451,0.854547
2806,1.001455093,0.869937,0.868673